#	T6C.G.1_T6C.G.1_gap5	T6C.G.1_T6C.G.2_gap5	T6C.G.1_T6C.G.3_gap5	T6C.G.1_T6C.G.4_gap5	T6C.G.1_T6C.G.5_gap5	T6C.G.2_T6C.G.1_gap5	T6C.G.2_T6C.G.2_gap5	T6C.G.2_T6C.G.3_gap5	T6C.G.2_T6C.G.4_gap5	T6C.G.2_T6C.G.5_gap5	T6C.G.3_T6C.G.1_gap5	T6C.G.3_T6C.G.2_gap5	T6C.G.3_T6C.G.3_gap5	T6C.G.3_T6C.G.4_gap5	T6C.G.3_T6C.G.5_gap5	T6C.G.4_T6C.G.1_gap5	T6C.G.4_T6C.G.2_gap5	T6C.G.4_T6C.G.3_gap5	T6C.G.4_T6C.G.4_gap5	T6C.G.4_T6C.G.5_gap5	T6C.G.5_T6C.G.1_gap5	T6C.G.5_T6C.G.2_gap5	T6C.G.5_T6C.G.3_gap5	T6C.G.5_T6C.G.4_gap5	T6C.G.5_T6C.G.5_gap5
NP_055726.3	5.0	0.0	22.0	6.0	1.0	0.0	0.0	2.0	0.0	0.0	14.0	0.0	61.0	18.0	0.0	2.0	0.0	21.0	7.0	0.0	0.0	0.0	1.0	0.0	0.0
NP_005148.2	5.0	1.0	11.0	8.0	0.0	0.0	0.0	0.0	2.0	0.0	14.0	0.0	67.0	27.0	1.0	9.0	2.0	23.0	14.0	1.0	0.0	0.0	3.0	1.0	0.0
NP_005149.3	11.0	0.0	13.0	5.0	0.0	0.0	0.0	2.0	2.0	0.0	16.0	2.0	55.0	26.0	2.0	8.0	1.0	29.0	13.0	2.0	2.0	0.0	0.0	1.0	1.0
NP_001096.1	0.0	1.0	10.0	3.0	0.0	0.0	0.0	1.0	0.0	0.0	5.0	2.0	24.0	10.0	1.0	3.0	0.0	12.0	9.0	1.0	0.0	0.0	2.0	1.0	0.0
NP_004293.1	2.0	0.0	5.0	5.0	0.0	1.0	0.0	1.0	0.0	0.0	6.0	1.0	17.0	19.0	0.0	5.0	0.0	9.0	10.0	1.0	0.0	0.0	1.0	1.0	0.0
NP_001607.1	5.0	0.0	3.0	4.0	1.0	0.0	1.0	0.0	4.0	0.0	0.0	1.0	17.0	14.0	3.0	8.0	2.0	12.0	9.0	1.0	0.0	0.0	0.0	0.0	1.0
NP_001097.2	0.0	0.0	9.0	3.0	0.0	0.0	1.0	2.0	0.0	0.0	5.0	0.0	20.0	9.0	1.0	3.0	1.0	16.0	6.0	1.0	0.0	0.0	6.0	3.0	0.0
NP_000011.1	0.0	1.0	11.0	4.0	0.0	0.0	0.0	0.0	0.0	0.0	5.0	2.0	25.0	5.0	2.0	4.0	0.0	10.0	10.0	1.0	0.0	0.0	4.0	0.0	0.0
NP_064632.2	3.0	0.0	8.0	6.0	0.0	0.0	0.0	0.0	1.0	0.0	8.0	0.0	24.0	14.0	2.0	8.0	1.0	18.0	9.0	2.0	2.0	0.0	1.0	1.0	0.0
NP_079152.3	5.0	0.0	7.0	8.0	0.0	2.0	0.0	0.0	1.0	0.0	6.0	0.0	23.0	11.0	3.0	4.0	0.0	12.0	6.0	1.0	0.0	0.0	1.0	1.0	0.0
NP_005154.2	1.0	0.0	3.0	2.0	1.0	0.0	0.0	0.0	0.0	0.0	4.0	0.0	26.0	14.0	0.0	3.0	3.0	12.0	8.0	0.0	0.0	0.0	2.0	1.0	0.0
NP_001617.1	0.0	0.0	4.0	4.0	0.0	0.0	0.0	0.0	0.0	0.0	2.0	0.0	19.0	15.0	0.0	2.0	0.0	20.0	11.0	0.0	0.0	0.0	2.0	1.0	0.0
NP_005456.1	1.0	0.0	7.0	4.0	1.0	1.0	0.0	0.0	0.0	0.0	4.0	0.0	22.0	15.0	0.0	1.0	0.0	15.0	6.0	1.0	0.0	0.0	1.0	0.0	1.0
NP_004295.2	10.0	0.0	15.0	9.0	2.0	2.0	0.0	1.0	2.0	0.0	23.0	3.0	67.0	47.0	4.0	16.0	1.0	41.0	19.0	3.0	1.0	0.0	2.0	2.0	0.0
BAA36547.1	1.0	0.0	5.0	2.0	1.0	2.0	0.0	1.0	0.0	0.0	2.0	2.0	28.0	13.0	2.0	3.0	1.0	13.0	13.0	0.0	0.0	0.0	3.0	0.0	0.0
NP_006243.2	1.0	0.0	9.0	2.0	0.0	0.0	0.0	0.0	0.0	0.0	10.0	2.0	15.0	17.0	1.0	4.0	0.0	14.0	9.0	0.0	0.0	0.0	4.0	4.0	0.0
NP_848605.1	6.0	0.0	12.0	4.0	1.0	0.0	0.0	0.0	2.0	0.0	7.0	0.0	30.0	23.0	0.0	5.0	1.0	20.0	9.0	2.0	0.0	0.0	1.0	5.0	0.0
NP_055655.1	0.0	0.0	5.0	4.0	0.0	0.0	0.0	0.0	1.0	1.0	4.0	0.0	36.0	19.0	0.0	2.0	0.0	21.0	13.0	1.0	0.0	0.0	2.0	1.0	0.0
NP_005914.1	5.0	0.0	12.0	8.0	1.0	0.0	0.0	3.0	2.0	0.0	13.0	0.0	62.0	34.0	4.0	10.0	3.0	42.0	26.0	1.0	0.0	0.0	0.0	2.0	1.0
NP_004663.3	6.0	0.0	17.0	10.0	3.0	2.0	0.0	0.0	0.0	0.0	18.0	4.0	57.0	23.0	1.0	13.0	3.0	27.0	24.0	2.0	0.0	0.0	4.0	1.0	0.0
NP_003591.2	1.0	0.0	8.0	0.0	0.0	0.0	0.0	1.0	1.0	1.0	1.0	1.0	17.0	10.0	4.0	2.0	1.0	10.0	7.0	1.0	0.0	0.0	0.0	1.0	0.0
AAH00442.2	2.0	0.0	5.0	1.0	1.0	0.0	0.0	0.0	1.0	1.0	4.0	0.0	13.0	12.0	1.0	1.0	2.0	8.0	6.0	1.0	0.0	0.0	0.0	2.0	0.0
AAC77369.1	0.0	0.0	2.0	1.0	0.0	0.0	0.0	0.0	0.0	0.0	3.0	0.0	8.0	15.0	1.0	2.0	0.0	7.0	7.0	0.0	0.0	0.0	0.0	0.0	0.0
NP_001690.2	4.0	0.0	11.0	5.0	0.0	0.0	0.0	2.0	1.0	0.0	13.0	2.0	41.0	17.0	1.0	8.0	2.0	24.0	12.0	3.0	0.0	0.0	1.0	1.0	0.0
NP_060063.2	2.0	2.0	8.0	4.0	0.0	0.0	0.0	2.0	0.0	0.0	6.0	0.0	31.0	22.0	1.0	4.0	2.0	12.0	8.0	2.0	0.0	0.0	3.0	0.0	2.0
NP_001706.2	1.0	0.0	6.0	4.0	0.0	0.0	1.0	0.0	2.0	0.0	7.0	0.0	18.0	15.0	1.0	8.0	0.0	12.0	7.0	0.0	0.0	0.0	0.0	2.0	0.0
NP_004320.2	0.0	0.0	6.0	2.0	1.0	0.0	0.0	1.0	4.0	1.0	5.0	1.0	17.0	22.0	0.0	3.0	0.0	11.0	13.0	0.0	1.0	0.0	0.0	1.0	0.0
NP_001194.1	0.0	0.0	6.0	3.0	1.0	0.0	0.0	0.0	1.0	1.0	1.0	1.0	24.0	19.0	0.0	3.0	1.0	11.0	9.0	1.0	0.0	1.0	0.0	1.0	0.0
NP_001195.2	2.0	0.0	9.0	7.0	0.0	0.0	0.0	1.0	2.0	0.0	11.0	2.0	60.0	30.0	2.0	4.0	1.0	26.0	13.0	1.0	0.0	0.0	2.0	0.0	0.0
NP_001712.1	1.0	0.0	6.0	1.0	0.0	0.0	0.0	1.0	1.0	0.0	5.0	2.0	31.0	27.0	1.0	2.0	0.0	15.0	14.0	2.0	0.0	0.0	3.0	1.0	0.0
NP_004324.2	3.0	0.0	5.0	6.0	0.0	0.0	0.0	1.0	0.0	0.0	5.0	2.0	37.0	22.0	1.0	6.0	1.0	28.0	8.0	1.0	0.0	0.0	1.0	1.0	0.0
NP_005966.1	3.0	0.0	2.0	3.0	1.0	0.0	0.0	0.0	2.0	0.0	3.0	1.0	14.0	13.0	0.0	5.0	2.0	10.0	16.0	0.0	0.0	0.0	0.0	0.0	0.0
NP_115806.1	6.0	0.0	8.0	3.0	0.0	1.0	0.0	0.0	1.0	0.0	6.0	0.0	44.0	24.0	2.0	2.0	0.0	19.0	10.0	2.0	0.0	0.0	2.0	0.0	0.0
NP_003948.2	3.0	0.0	7.0	2.0	0.0	0.0	0.0	0.0	0.0	0.0	7.0	2.0	30.0	8.0	1.0	8.0	0.0	24.0	11.0	1.0	1.0	0.0	6.0	1.0	0.0
NP_000052.1	2.0	0.0	6.0	3.0	0.0	0.0	0.0	1.0	2.0	0.0	7.0	0.0	27.0	19.0	2.0	4.0	2.0	25.0	8.0	1.0	0.0	0.0	1.0	0.0	0.0
NP_003647.1	2.0	0.0	4.0	2.0	0.0	0.0	1.0	0.0	1.0	0.0	3.0	1.0	14.0	6.0	1.0	3.0	0.0	12.0	10.0	0.0	0.0	0.0	2.0	0.0	0.0
NP_065130.1	1.0	1.0	5.0	3.0	0.0	0.0	0.0	0.0	0.0	0.0	5.0	0.0	19.0	5.0	0.0	4.0	0.0	7.0	9.0	1.0	0.0	0.0	0.0	0.0	0.0
NP_065172.1	1.0	0.0	4.0	3.0	0.0	0.0	0.0	0.0	1.0	0.0	1.0	2.0	26.0	8.0	2.0	3.0	1.0	10.0	15.0	2.0	0.0	0.0	1.0	0.0	0.0
NP_741960.1	2.0	1.0	4.0	6.0	0.0	1.0	0.0	1.0	2.0	0.0	4.0	0.0	21.0	9.0	0.0	5.0	0.0	12.0	9.0	0.0	0.0	0.0	2.0	1.0	0.0
NP_001211.3	3.0	1.0	6.0	1.0	1.0	0.0	0.0	1.0	1.0	1.0	12.0	2.0	25.0	24.0	0.0	2.0	0.0	13.0	8.0	5.0	0.0	1.0	4.0	0.0	0.0
AAD20442.1	3.0	2.0	2.0	2.0	0.0	0.0	0.0	2.0	2.0	1.0	8.0	1.0	16.0	18.0	0.0	3.0	0.0	12.0	6.0	2.0	0.0	1.0	2.0	0.0	0.0
NP_751913.1	3.0	1.0	3.0	0.0	0.0	0.0	0.0	1.0	1.0	0.0	9.0	1.0	18.0	19.0	0.0	2.0	0.0	10.0	6.0	6.0	0.0	1.0	3.0	0.0	0.0
NP_001735.1	2.0	0.0	4.0	5.0	0.0	0.0	0.0	0.0	0.0	0.0	10.0	1.0	19.0	11.0	2.0	1.0	1.0	15.0	8.0	0.0	0.0	0.0	0.0	0.0	0.0
NP_115670.1	1.0	0.0	5.0	5.0	0.0	0.0	0.0	0.0	0.0	0.0	9.0	1.0	21.0	12.0	1.0	4.0	1.0	13.0	10.0	1.0	0.0	0.0	0.0	0.0	0.0
NP_006540.3	1.0	1.0	5.0	1.0	0.0	0.0	0.0	0.0	4.0	0.0	6.0	0.0	32.0	18.0	0.0	6.0	0.0	16.0	6.0	0.0	0.0	0.0	1.0	1.0	0.0
NP_003679.2	2.0	0.0	9.0	8.0	0.0	1.0	0.0	0.0	0.0	0.0	7.0	2.0	45.0	25.0	5.0	7.0	0.0	24.0	12.0	0.0	0.0	1.0	2.0	4.0	0.0
NP_277023.1	2.0	1.0	5.0	2.0	0.0	0.0	0.0	0.0	0.0	0.0	8.0	0.0	51.0	15.0	4.0	4.0	0.0	19.0	9.0	0.0	0.0	0.0	2.0	0.0	1.0
NP_076916.1	1.0	1.0	5.0	0.0	1.0	0.0	0.0	1.0	0.0	0.0	8.0	1.0	51.0	24.0	5.0	4.0	0.0	15.0	7.0	4.0	1.0	0.0	1.0	0.0	0.0
NP_003709.3	10.0	1.0	10.0	8.0	0.0	0.0	0.0	0.0	0.0	0.0	21.0	2.0	104.0	27.0	0.0	9.0	0.0	35.0	17.0	0.0	1.0	0.0	6.0	1.0	0.0
NP_055891.1	2.0	0.0	6.0	2.0	1.0	0.0	0.0	2.0	0.0	0.0	5.0	0.0	25.0	10.0	0.0	6.0	0.0	12.0	8.0	3.0	0.0	1.0	1.0	0.0	0.0
NP_001789.2	1.0	0.0	4.0	4.0	0.0	0.0	0.0	0.0	0.0	0.0	2.0	0.0	11.0	6.0	0.0	3.0	0.0	12.0	4.0	0.0	0.0	0.0	2.0	1.0	0.0
NP_001249.1	1.0	0.0	5.0	5.0	0.0	0.0	0.0	0.0	0.0	0.0	1.0	0.0	14.0	6.0	0.0	2.0	0.0	11.0	4.0	0.0	0.0	0.0	2.0	0.0	0.0
NP_000066.1	3.0	0.0	5.0	3.0	0.0	0.0	0.0	0.0	0.0	0.0	1.0	0.0	15.0	9.0	1.0	3.0	0.0	4.0	6.0	1.0	0.0	0.0	0.0	0.0	0.0
NP_004926.1	1.0	0.0	6.0	3.0	0.0	0.0	0.0	0.0	1.0	0.0	1.0	0.0	8.0	11.0	0.0	2.0	1.0	10.0	3.0	0.0	0.0	0.0	2.0	0.0	0.0
NP_001790.1	0.0	0.0	4.0	3.0	0.0	0.0	0.0	1.0	0.0	0.0	4.0	0.0	17.0	9.0	0.0	4.0	0.0	10.0	5.0	0.0	0.0	0.0	0.0	1.0	0.0
NP_001251.1	0.0	0.0	2.0	2.0	0.0	0.0	0.0	2.0	0.0	0.0	7.0	0.0	24.0	10.0	1.0	5.0	0.0	14.0	8.0	2.0	0.0	1.0	0.0	0.0	0.0
NP_001252.1	0.0	0.0	4.0	1.0	0.0	0.0	0.0	2.0	1.0	0.0	2.0	0.0	11.0	12.0	2.0	2.0	0.0	18.0	6.0	0.0	0.0	0.0	0.0	1.0	0.0
NP_004187.2	0.0	0.0	2.0	2.0	0.0	0.0	0.0	0.0	0.0	0.0	4.0	0.0	10.0	11.0	1.0	5.0	0.0	11.0	10.0	1.0	0.0	0.0	3.0	0.0	0.0
NP_003939.1	0.0	0.0	5.0	7.0	0.0	0.0	0.0	1.0	1.0	0.0	3.0	0.0	24.0	6.0	1.0	4.0	1.0	17.0	8.0	0.0	0.0	0.0	3.0	0.0	1.0
NP_001107047.1	2.0	1.0	4.0	2.0	2.0	0.0	0.0	1.0	0.0	0.0	5.0	0.0	31.0	14.0	1.0	5.0	0.0	18.0	7.0	1.0	0.0	0.0	3.0	2.0	0.0
NP_003150.1	1.0	1.0	9.0	3.0	0.0	0.0	1.0	0.0	1.0	0.0	12.0	0.0	59.0	18.0	4.0	2.0	1.0	33.0	14.0	3.0	0.0	0.0	10.0	0.0	0.0
NP_001265.2	0.0	0.0	4.0	2.0	0.0	0.0	0.0	2.0	0.0	0.0	4.0	2.0	24.0	16.0	1.0	4.0	0.0	14.0	5.0	1.0	0.0	0.0	1.0	0.0	0.0
NP_001005735.1	3.0	0.0	3.0	4.0	0.0	0.0	0.0	1.0	2.0	0.0	4.0	1.0	28.0	15.0	1.0	5.0	1.0	15.0	13.0	0.0	1.0	0.0	1.0	0.0	0.0
NP_009105.1	6.0	1.0	21.0	13.0	0.0	2.0	2.0	1.0	1.0	1.0	22.0	5.0	98.0	56.0	5.0	9.0	1.0	57.0	27.0	2.0	0.0	0.0	5.0	3.0	0.0
AAA61480.1	0.0	0.0	2.0	1.0	1.0	0.0	0.0	2.0	1.0	0.0	2.0	2.0	24.0	14.0	3.0	1.0	1.0	15.0	6.0	1.0	0.0	0.0	3.0	2.0	0.0
NP_003984.2	0.0	1.0	7.0	0.0	0.0	0.0	0.0	1.0	0.0	0.0	3.0	1.0	25.0	15.0	2.0	2.0	1.0	11.0	9.0	1.0	1.0	0.0	3.0	0.0	0.0
NP_003983.2	0.0	1.0	6.0	1.0	0.0	0.0	0.0	1.0	0.0	0.0	3.0	1.0	27.0	13.0	1.0	3.0	1.0	8.0	9.0	1.0	1.0	1.0	3.0	1.0	0.0
NP_065717.1	0.0	0.0	3.0	4.0	2.0	0.0	0.0	3.0	0.0	0.0	2.0	1.0	18.0	10.0	3.0	0.0	2.0	22.0	6.0	1.0	0.0	0.0	1.0	2.0	0.0
NP_005202.2	1.0	0.0	8.0	3.0	2.0	0.0	0.0	1.0	2.0	0.0	6.0	3.0	48.0	23.0	3.0	8.0	1.0	30.0	14.0	3.0	1.0	0.0	3.0	2.0	0.0
NP_004374.1	2.0	0.0	5.0	5.0	0.0	0.0	0.0	1.0	1.0	0.0	7.0	4.0	21.0	12.0	2.0	1.0	1.0	5.0	7.0	1.0	0.0	0.0	0.0	0.0	0.0
NP_001883.4	0.0	0.0	2.0	3.0	0.0	0.0	0.0	0.0	0.0	0.0	3.0	0.0	14.0	6.0	1.0	5.0	1.0	11.0	7.0	2.0	0.0	0.0	0.0	1.0	0.0
NP_660204.1	0.0	0.0	2.0	2.0	0.0	0.0	0.0	0.0	0.0	0.0	3.0	0.0	16.0	6.0	1.0	4.0	1.0	10.0	8.0	2.0	0.0	0.0	0.0	1.0	0.0
NP_620693.1	2.0	0.0	5.0	3.0	0.0	0.0	0.0	1.0	0.0	0.0	3.0	0.0	23.0	15.0	1.0	4.0	0.0	4.0	4.0	3.0	0.0	0.0	0.0	0.0	0.0
NP_001885.1	1.0	0.0	7.0	2.0	0.0	0.0	0.0	1.0	0.0	0.0	6.0	0.0	21.0	16.0	1.0	4.0	0.0	5.0	4.0	2.0	0.0	0.0	0.0	0.0	0.0
NP_071331.2	2.0	0.0	3.0	6.0	0.0	0.0	0.0	1.0	0.0	0.0	3.0	1.0	20.0	15.0	1.0	3.0	0.0	7.0	5.0	0.0	0.0	0.0	1.0	3.0	0.0
NP_001310.2	1.0	0.0	6.0	1.0	1.0	0.0	0.0	1.0	0.0	0.0	6.0	0.0	24.0	10.0	2.0	1.0	0.0	12.0	3.0	0.0	0.0	0.0	1.0	0.0	0.0
NP_004375.2	1.0	0.0	7.0	1.0	1.0	0.0	0.0	1.0	1.0	0.0	6.0	0.0	19.0	7.0	3.0	3.0	0.0	13.0	10.0	1.0	0.0	0.0	0.0	1.0	0.0
NP_001886.1	1.0	0.0	5.0	1.0	1.0	0.0	0.0	0.0	0.0	0.0	3.0	0.0	17.0	14.0	0.0	4.0	0.0	16.0	2.0	0.0	0.0	0.0	0.0	1.0	0.0
NP_001887.1	1.0	0.0	5.0	1.0	0.0	0.0	0.0	0.0	0.0	0.0	2.0	0.0	15.0	12.0	0.0	3.0	0.0	13.0	5.0	0.0	1.0	0.0	1.0	0.0	0.0
NP_002369.2	3.0	0.0	8.0	2.0	0.0	0.0	0.0	1.0	0.0	0.0	4.0	0.0	23.0	7.0	1.0	5.0	1.0	14.0	13.0	0.0	0.0	0.0	0.0	3.0	0.0
NP_004929.2	2.0	0.0	18.0	12.0	0.0	1.0	0.0	2.0	2.0	0.0	9.0	2.0	63.0	40.0	6.0	10.0	1.0	28.0	33.0	7.0	1.0	0.0	2.0	0.0	0.0
NP_055141.2	1.0	0.0	3.0	3.0	1.0	0.0	0.0	1.0	0.0	0.0	1.0	0.0	19.0	9.0	0.0	5.0	0.0	9.0	8.0	1.0	0.0	0.0	0.0	1.0	0.0
NP_001339.1	0.0	0.0	1.0	5.0	0.0	1.0	0.0	0.0	0.0	1.0	7.0	0.0	17.0	12.0	1.0	4.0	0.0	15.0	9.0	2.0	0.0	0.0	1.0	0.0	0.0
NP_004725.1	1.0	0.0	6.0	6.0	1.0	0.0	0.0	0.0	0.0	0.0	12.0	0.0	29.0	24.0	2.0	4.0	2.0	20.0	12.0	0.0	1.0	0.0	2.0	0.0	0.0
NP_001035351.3	1.0	0.0	9.0	7.0	2.0	0.0	0.0	1.0	0.0	0.0	15.0	1.0	35.0	22.0	2.0	1.0	1.0	19.0	9.0	2.0	0.0	0.0	1.0	0.0	0.0
NP_208382.1	3.0	0.0	4.0	3.0	0.0	0.0	0.0	2.0	0.0	0.0	7.0	0.0	37.0	13.0	1.0	3.0	1.0	15.0	12.0	0.0	1.0	0.0	3.0	3.0	0.0
NP_001945.3	2.0	1.0	13.0	4.0	1.0	0.0	0.0	1.0	2.0	0.0	12.0	0.0	37.0	24.0	1.0	5.0	2.0	23.0	13.0	0.0	0.0	0.0	4.0	1.0	0.0
CAA52777.1	0.0	1.0	10.0	6.0	1.0	0.0	0.0	1.0	0.0	0.0	11.0	1.0	40.0	31.0	0.0	2.0	1.0	22.0	14.0	2.0	0.0	0.0	0.0	0.0	0.0
NP_006292.2	3.0	2.0	9.0	4.0	0.0	1.0	0.0	0.0	2.0	0.0	14.0	0.0	49.0	20.0	4.0	3.0	0.0	14.0	11.0	2.0	2.0	0.0	2.0	1.0	0.0
NP_004400.4	6.0	0.0	7.0	5.0	0.0	0.0	0.0	2.0	2.0	0.0	8.0	1.0	24.0	10.0	1.0	9.0	0.0	15.0	12.0	0.0	0.0	0.0	2.0	1.0	0.0
NP_059995.2	6.0	0.0	20.0	13.0	0.0	1.0	0.0	2.0	3.0	0.0	26.0	3.0	71.0	33.0	3.0	12.0	1.0	39.0	17.0	2.0	0.0	0.0	7.0	0.0	0.0
NP_004751.1	0.0	0.0	4.0	3.0	0.0	0.0	0.0	1.0	0.0	0.0	4.0	0.0	13.0	14.0	0.0	3.0	1.0	14.0	11.0	0.0	0.0	0.0	0.0	1.0	0.0
NP_004217.1	1.0	0.0	2.0	3.0	1.0	0.0	0.0	1.0	0.0	0.0	3.0	2.0	18.0	9.0	1.0	1.0	1.0	10.0	7.0	0.0	0.0	0.0	2.0	0.0	0.0
NP_569121.1	4.0	0.0	4.0	2.0	0.0	0.0	0.0	0.0	2.0	0.0	7.0	0.0	23.0	19.0	2.0	2.0	1.0	17.0	3.0	2.0	0.0	0.0	1.0	1.0	0.0
NP_004705.1	2.0	0.0	10.0	1.0	0.0	0.0	0.0	0.0	2.0	0.0	11.0	2.0	27.0	20.0	1.0	3.0	1.0	15.0	3.0	0.0	1.0	0.0	4.0	2.0	0.0
NP_003574.1	0.0	0.0	4.0	2.0	0.0	0.0	0.0	0.0	1.0	0.0	7.0	0.0	19.0	11.0	0.0	4.0	1.0	26.0	9.0	0.0	0.0	0.0	2.0	2.0	0.0
NP_005219.2	4.0	0.0	16.0	8.0	1.0	0.0	0.0	11.0	5.0	0.0	10.0	8.0	53.0	27.0	2.0	3.0	4.0	30.0	13.0	0.0	2.0	0.0	5.0	0.0	0.0
NP_055228.2	3.0	0.0	2.0	4.0	0.0	0.0	0.0	2.0	0.0	0.0	5.0	2.0	29.0	13.0	2.0	3.0	0.0	17.0	16.0	4.0	1.0	0.0	2.0	0.0	0.0
NP_005223.3	5.0	0.0	15.0	7.0	1.0	0.0	0.0	3.0	1.0	0.0	16.0	3.0	30.0	24.0	1.0	7.0	0.0	28.0	18.0	1.0	1.0	0.0	0.0	2.0	0.0
NP_004422.2	4.0	1.0	10.0	7.0	0.0	1.0	0.0	4.0	1.0	0.0	15.0	4.0	30.0	27.0	2.0	8.0	0.0	28.0	19.0	0.0	0.0	0.0	2.0	0.0	0.0
NP_005224.2	2.0	0.0	6.0	6.0	0.0	0.0	0.0	3.0	0.0	0.0	8.0	4.0	45.0	36.0	1.0	6.0	0.0	27.0	18.0	0.0	0.0	0.0	1.0	1.0	0.0
NP_004429.1	3.0	0.0	5.0	11.0	1.0	1.0	0.0	3.0	1.0	0.0	9.0	6.0	40.0	33.0	1.0	7.0	0.0	20.0	18.0	3.0	0.0	0.0	2.0	1.0	0.0
NP_872272.2	4.0	0.0	11.0	7.0	1.0	1.0	0.0	0.0	3.0	0.0	19.0	2.0	37.0	21.0	1.0	3.0	2.0	29.0	20.0	3.0	0.0	0.0	4.0	1.0	0.0
NP_001073917.2	2.0	2.0	15.0	11.0	0.0	0.0	0.0	6.0	0.0	0.0	19.0	1.0	43.0	27.0	3.0	4.0	4.0	27.0	18.0	2.0	0.0	0.0	2.0	3.0	0.0
NP_004431.1	0.0	0.0	9.0	10.0	0.0	1.0	0.0	3.0	2.0	0.0	12.0	3.0	46.0	31.0	0.0	3.0	3.0	25.0	15.0	2.0	0.0	0.0	2.0	0.0	0.0
NP_065387.1	6.0	0.0	12.0	8.0	1.0	1.0	0.0	3.0	1.0	1.0	13.0	2.0	29.0	27.0	6.0	7.0	2.0	29.0	16.0	2.0	1.0	0.0	0.0	1.0	0.0
NP_004432.1	5.0	1.0	9.0	8.0	0.0	0.0	0.0	5.0	0.0	0.0	8.0	1.0	41.0	26.0	2.0	11.0	1.0	27.0	16.0	1.0	0.0	0.0	2.0	0.0	0.0
NP_059145.2	3.0	1.0	4.0	3.0	0.0	0.0	0.0	4.0	0.0	0.0	16.0	2.0	43.0	30.0	0.0	2.0	2.0	31.0	21.0	1.0	0.0	0.0	1.0	1.0	0.0
NP_004434.2	7.0	0.0	8.0	7.0	0.0	1.0	0.0	0.0	3.0	0.0	16.0	7.0	46.0	26.0	0.0	5.0	0.0	21.0	19.0	0.0	0.0	0.0	1.0	0.0	0.0
NP_004435.3	6.0	0.0	6.0	5.0	0.0	2.0	0.0	3.0	3.0	0.0	17.0	1.0	42.0	29.0	2.0	4.0	2.0	24.0	14.0	0.0	0.0	0.0	2.0	3.0	0.0
NP_004436.2	8.0	1.0	12.0	10.0	3.0	0.0	0.0	4.0	2.0	0.0	14.0	2.0	34.0	24.0	2.0	13.0	0.0	25.0	10.0	1.0	2.0	0.0	2.0	1.0	0.0
NP_001005862.1	13.0	1.0	11.0	6.0	0.0	0.0	1.0	3.0	3.0	1.0	12.0	4.0	44.0	28.0	3.0	12.0	1.0	37.0	16.0	1.0	0.0	1.0	3.0	2.0	1.0
NP_001973.2	7.0	0.0	17.0	7.0	3.0	0.0	0.0	5.0	5.0	1.0	8.0	3.0	60.0	28.0	4.0	12.0	3.0	34.0	18.0	3.0	0.0	1.0	3.0	2.0	0.0
NP_001036064.1	4.0	2.0	19.0	7.0	0.0	0.0	1.0	7.0	3.0	0.0	11.0	5.0	51.0	39.0	0.0	7.0	1.0	37.0	14.0	2.0	0.0	0.0	5.0	1.0	0.0
NP_002737.2	0.0	0.0	4.0	4.0	0.0	0.0	0.0	0.0	1.0	0.0	4.0	0.0	17.0	7.0	1.0	5.0	0.0	13.0	4.0	2.0	0.0	0.0	1.0	0.0	0.0
NP_620407.1	1.0	0.0	1.0	4.0	0.0	0.0	0.0	0.0	1.0	0.0	4.0	1.0	12.0	7.0	1.0	3.0	0.0	13.0	11.0	0.0	0.0	0.0	1.0	0.0	0.0
NP_002739.1	1.0	0.0	6.0	5.0	1.0	0.0	0.0	0.0	0.0	0.0	10.0	1.0	28.0	27.0	4.0	4.0	0.0	20.0	8.0	0.0	1.0	0.0	2.0	2.0	0.0
NP_002738.2	0.0	0.0	7.0	3.0	0.0	0.0	0.0	1.0	2.0	0.0	6.0	1.0	24.0	11.0	4.0	5.0	0.0	17.0	15.0	0.0	1.0	0.0	1.0	0.0	0.0
NP_002740.2	4.0	0.0	14.0	2.0	0.0	0.0	0.0	0.0	0.0	0.0	17.0	1.0	47.0	12.0	2.0	7.0	0.0	21.0	8.0	0.0	0.0	0.0	1.0	0.0	0.0
NP_620590.2	1.0	1.0	6.0	3.0	1.0	0.0	0.0	0.0	0.0	1.0	7.0	0.0	24.0	11.0	0.0	4.0	1.0	12.0	13.0	1.0	0.0	0.0	3.0	2.0	0.0
NP_001424.3	1.0	0.0	15.0	1.0	1.0	0.0	0.0	2.0	1.0	0.0	4.0	2.0	41.0	27.0	4.0	5.0	1.0	26.0	21.0	3.0	1.0	0.0	6.0	1.0	0.0
NP_722560.1	2.0	0.0	12.0	8.0	1.0	0.0	0.0	0.0	2.0	0.0	7.0	1.0	46.0	27.0	5.0	13.0	0.0	32.0	16.0	0.0	1.0	0.0	1.0	2.0	0.0
NP_005237.2	2.0	0.0	7.0	6.0	0.0	0.0	0.0	0.0	0.0	0.0	9.0	2.0	37.0	21.0	2.0	7.0	1.0	24.0	17.0	2.0	0.0	0.0	0.0	0.0	0.0
NP_001996.1	4.0	0.0	12.0	3.0	1.0	0.0	0.0	1.0	2.0	0.0	10.0	0.0	32.0	27.0	1.0	5.0	2.0	26.0	6.0	1.0	1.0	0.0	0.0	1.0	2.0
NP_075593.1	2.0	0.0	4.0	3.0	0.0	0.0	0.0	1.0	0.0	0.0	7.0	1.0	36.0	20.0	5.0	8.0	1.0	8.0	20.0	3.0	1.0	0.0	2.0	0.0	0.0
NP_075259.4	6.0	0.0	11.0	6.0	0.0	0.0	0.0	1.0	1.0	0.0	9.0	2.0	39.0	21.0	3.0	6.0	1.0	18.0	11.0	0.0	0.0	0.0	2.0	0.0	0.0
NP_000133.1	7.0	1.0	6.0	7.0	0.0	0.0	0.0	2.0	1.0	0.0	10.0	1.0	33.0	15.0	2.0	8.0	0.0	21.0	15.0	0.0	0.0	0.0	5.0	0.0	1.0
NP_075252.2	3.0	0.0	13.0	5.0	0.0	0.0	0.0	1.0	1.0	0.0	15.0	3.0	22.0	20.0	2.0	6.0	2.0	15.0	15.0	0.0	0.0	1.0	3.0	0.0	0.0
NP_005239.1	2.0	0.0	6.0	3.0	0.0	0.0	0.0	2.0	1.0	0.0	6.0	0.0	23.0	11.0	1.0	4.0	1.0	17.0	8.0	2.0	0.0	0.0	0.0	1.0	0.0
NP_002010.2	0.0	0.0	16.0	9.0	0.0	1.0	0.0	3.0	1.0	0.0	19.0	3.0	55.0	36.0	2.0	7.0	0.0	37.0	27.0	2.0	0.0	0.0	3.0	2.0	0.0
NP_004110.2	3.0	0.0	14.0	4.0	0.0	0.0	0.0	2.0	2.0	0.0	8.0	5.0	36.0	35.0	0.0	2.0	1.0	35.0	14.0	1.0	0.0	0.0	4.0	0.0	0.0
NP_002011.1	5.0	0.0	11.0	6.0	2.0	1.0	0.0	2.0	1.0	0.0	15.0	3.0	53.0	40.0	0.0	10.0	3.0	35.0	20.0	3.0	1.0	0.0	5.0	1.0	0.0
NP_002022.1	1.0	0.0	4.0	3.0	0.0	0.0	0.0	0.0	1.0	0.0	4.0	1.0	17.0	23.0	1.0	4.0	1.0	15.0	7.0	0.0	1.0	0.0	1.0	0.0	0.0
NP_694592.1	3.0	1.0	8.0	1.0	0.0	0.0	0.0	0.0	1.0	0.0	11.0	1.0	20.0	15.0	3.0	4.0	0.0	13.0	4.0	1.0	0.0	0.0	2.0	1.0	0.0
NP_005246.2	5.0	1.0	19.0	12.0	0.0	0.0	0.0	4.0	1.0	0.0	16.0	0.0	67.0	28.0	3.0	6.0	2.0	30.0	19.0	0.0	1.0	0.0	4.0	1.0	0.0
NP_001013725.2	1.0	1.0	16.0	8.0	0.0	2.0	0.0	4.0	0.0	0.0	25.0	0.0	79.0	48.0	2.0	5.0	0.0	42.0	35.0	4.0	0.0	0.0	3.0	0.0	0.0
NP_002920.1	1.0	1.0	5.0	4.0	1.0	0.0	0.0	1.0	0.0	0.0	9.0	1.0	25.0	10.0	0.0	5.0	2.0	17.0	10.0	1.0	0.0	0.0	0.0	1.0	0.0
NP_892027.2	2.0	1.0	2.0	5.0	0.0	0.0	0.0	2.0	0.0	0.0	3.0	2.0	27.0	21.0	2.0	4.0	0.0	18.0	6.0	0.0	0.0	0.0	1.0	1.0	0.0
NP_631948.1	3.0	1.0	1.0	1.0	0.0	0.0	0.0	3.0	1.0	0.0	9.0	1.0	31.0	13.0	1.0	7.0	1.0	9.0	8.0	1.0	0.0	0.0	0.0	0.0	1.0
NP_063937.2	6.0	2.0	7.0	2.0	1.0	0.0	0.0	0.0	0.0	1.0	7.0	0.0	17.0	12.0	0.0	3.0	1.0	11.0	9.0	1.0	0.0	1.0	0.0	0.0	0.0
NP_002084.2	1.0	0.0	6.0	0.0	1.0	0.0	0.0	1.0	0.0	0.0	5.0	1.0	21.0	13.0	0.0	5.0	1.0	9.0	7.0	0.0	0.0	0.0	0.0	1.0	0.0
NP_002101.2	0.0	0.0	10.0	4.0	0.0	0.0	0.0	1.0	2.0	0.0	8.0	1.0	21.0	14.0	2.0	3.0	0.0	15.0	6.0	0.0	0.0	0.0	1.0	0.0	0.0
NP_689909.2	3.0	1.0	10.0	9.0	0.0	1.0	0.0	4.0	3.0	0.0	9.0	1.0	52.0	23.0	3.0	4.0	1.0	31.0	18.0	0.0	2.0	0.0	2.0	2.0	0.0
NP_073577.3	6.0	0.0	14.0	8.0	2.0	0.0	0.0	3.0	0.0	0.0	12.0	2.0	55.0	32.0	5.0	10.0	1.0	31.0	13.0	1.0	1.0	0.0	3.0	1.0	0.0
NP_005725.3	0.0	0.0	15.0	9.0	2.0	0.0	0.0	3.0	0.0	0.0	15.0	5.0	48.0	38.0	8.0	5.0	3.0	30.0	10.0	2.0	0.0	0.0	4.0	6.0	0.0
NP_653286.2	3.0	0.0	3.0	3.0	2.0	0.0	0.0	1.0	1.0	0.0	7.0	3.0	30.0	15.0	3.0	5.0	0.0	16.0	7.0	2.0	1.0	0.0	0.0	1.0	0.0
NP_001036065.1	5.0	1.0	11.0	7.0	1.0	0.0	0.0	1.0	0.0	0.0	10.0	2.0	37.0	19.0	2.0	1.0	1.0	20.0	14.0	1.0	1.0	0.0	3.0	0.0	0.0
NP_055401.1	4.0	2.0	9.0	7.0	0.0	0.0	1.0	0.0	0.0	0.0	8.0	3.0	26.0	14.0	3.0	7.0	0.0	22.0	10.0	1.0	0.0	0.0	1.0	1.0	0.0
NP_055735.1	0.0	1.0	6.0	4.0	0.0	0.0	0.0	0.0	2.0	0.0	4.0	0.0	38.0	16.0	4.0	1.0	0.0	17.0	11.0	1.0	1.0	0.0	0.0	0.0	0.0
NP_000866.1	6.0	2.0	16.0	8.0	0.0	0.0	0.0	3.0	3.0	0.0	19.0	3.0	51.0	36.0	1.0	8.0	4.0	40.0	25.0	1.0	0.0	0.0	1.0	1.0	0.0
NP_001269.3	1.0	1.0	7.0	4.0	0.0	0.0	0.0	2.0	1.0	0.0	6.0	1.0	22.0	27.0	2.0	2.0	1.0	24.0	20.0	1.0	0.0	0.0	0.0	1.0	1.0
NP_001547.1	1.0	1.0	7.0	2.0	1.0	1.0	0.0	0.0	1.0	0.0	8.0	1.0	35.0	22.0	0.0	4.0	2.0	28.0	10.0	1.0	0.0	0.0	0.0	1.0	0.0
NP_054721.1	4.0	1.0	8.0	6.0	0.0	0.0	0.0	1.0	0.0	0.0	11.0	1.0	27.0	17.0	1.0	2.0	0.0	18.0	17.0	0.0	1.0	0.0	4.0	1.0	0.0
NP_000199.2	7.0	0.0	12.0	5.0	0.0	0.0	1.0	2.0	2.0	2.0	13.0	1.0	55.0	49.0	3.0	5.0	1.0	41.0	26.0	1.0	0.0	0.0	3.0	2.0	0.0
NP_055030.1	7.0	1.0	10.0	13.0	0.0	0.0	0.0	1.0	0.0	2.0	17.0	2.0	48.0	25.0	9.0	10.0	0.0	39.0	26.0	3.0	0.0	0.0	1.0	2.0	0.0
NP_001560.2	3.0	1.0	12.0	4.0	0.0	0.0	1.0	2.0	1.0	0.0	12.0	1.0	26.0	18.0	0.0	8.0	1.0	13.0	11.0	1.0	1.0	1.0	1.0	1.0	0.0
NP_009130.1	1.0	0.0	4.0	5.0	1.0	0.0	0.0	0.0	0.0	0.0	5.0	3.0	32.0	13.0	2.0	3.0	0.0	14.0	14.0	0.0	0.0	0.0	0.0	3.0	0.0
NP_057207.2	1.0	0.0	6.0	4.0	0.0	0.0	0.0	2.0	2.0	0.0	5.0	0.0	21.0	11.0	1.0	5.0	1.0	12.0	5.0	0.0	0.0	0.0	0.0	1.0	0.0
NP_005537.3	1.0	0.0	4.0	3.0	0.0	0.0	0.0	1.0	3.0	0.0	5.0	3.0	31.0	16.0	1.0	3.0	0.0	14.0	15.0	0.0	0.0	0.0	4.0	0.0	0.0
NP_002218.2	1.0	2.0	10.0	4.0	0.0	0.0	0.0	3.0	5.0	0.0	8.0	2.0	53.0	37.0	3.0	5.0	3.0	31.0	20.0	2.0	0.0	0.0	1.0	3.0	0.0
NP_002218.1	1.0	2.0	11.0	4.0	0.0	0.0	0.0	3.0	5.0	0.0	7.0	2.0	52.0	38.0	2.0	5.0	3.0	30.0	20.0	2.0	0.0	0.0	1.0	3.0	0.0
NP_004963.1	1.0	1.0	10.0	7.0	1.0	0.0	0.0	3.0	2.0	0.0	7.0	1.0	47.0	40.0	7.0	10.0	2.0	29.0	15.0	2.0	1.0	1.0	1.0	1.0	0.0
NP_000206.2	2.0	2.0	8.0	10.0	1.0	0.0	0.0	2.0	4.0	1.0	20.0	2.0	41.0	28.0	2.0	9.0	1.0	27.0	20.0	2.0	1.0	0.0	3.0	2.0	0.0
NP_002741.1	1.0	0.0	2.0	2.0	0.0	0.0	0.0	1.0	1.0	0.0	4.0	0.0	11.0	17.0	0.0	3.0	1.0	13.0	8.0	0.0	0.0	0.0	0.0	0.0	0.0
NP_620707.1	1.0	0.0	2.0	3.0	0.0	0.0	0.0	1.0	1.0	0.0	3.0	0.0	11.0	17.0	1.0	2.0	1.0	12.0	9.0	0.0	0.0	0.0	0.0	0.0	0.0
NP_002744.1	1.0	0.0	3.0	2.0	0.0	2.0	0.0	1.0	0.0	0.0	2.0	0.0	19.0	10.0	2.0	1.0	0.0	14.0	9.0	0.0	0.0	0.0	5.0	0.0	0.0
NP_000213.1	0.0	0.0	10.0	6.0	0.0	0.0	1.0	3.0	0.0	0.0	6.0	2.0	40.0	25.0	1.0	6.0	1.0	35.0	24.0	0.0	1.0	0.0	2.0	0.0	0.0
NP_004681.1	2.0	0.0	11.0	8.0	1.0	0.0	0.0	1.0	0.0	0.0	16.0	0.0	78.0	21.0	3.0	7.0	1.0	21.0	16.0	0.0	0.0	0.0	2.0	1.0	0.0
NP_055387.1	3.0	1.0	16.0	10.0	1.0	0.0	0.0	1.0	0.0	0.0	18.0	1.0	50.0	25.0	2.0	7.0	0.0	26.0	17.0	0.0	1.0	0.0	2.0	1.0	0.0
NP_005347.3	2.0	0.0	6.0	3.0	0.0	0.0	0.0	1.0	0.0	0.0	6.0	1.0	19.0	8.0	1.0	3.0	2.0	19.0	13.0	1.0	0.0	0.0	0.0	0.0	0.0
NP_002305.1	0.0	0.0	10.0	3.0	1.0	1.0	1.0	2.0	2.0	0.0	7.0	0.0	24.0	18.0	3.0	3.0	1.0	17.0	8.0	3.0	1.0	0.0	3.0	0.0	0.0
NP_005560.1	0.0	1.0	5.0	3.0	0.0	1.0	1.0	1.0	2.0	0.0	8.0	1.0	25.0	20.0	2.0	5.0	1.0	12.0	15.0	1.0	1.0	0.0	2.0	0.0	0.0
NP_000446.1	4.0	0.0	4.0	2.0	0.0	0.0	0.0	2.0	1.0	0.0	3.0	1.0	22.0	15.0	0.0	1.0	2.0	5.0	8.0	0.0	0.0	0.0	2.0	0.0	0.0
NP_005981.3	2.0	0.0	8.0	3.0	0.0	0.0	0.0	2.0	0.0	0.0	8.0	1.0	66.0	29.0	0.0	8.0	2.0	20.0	8.0	0.0	1.0	0.0	2.0	2.0	0.0
NP_940980.3	4.0	0.0	15.0	13.0	1.0	2.0	1.0	4.0	3.0	0.0	26.0	7.0	101.0	74.0	7.0	17.0	7.0	60.0	60.0	6.0	0.0	0.0	5.0	8.0	0.0
NP_996844.1	8.0	0.0	12.0	7.0	1.0	1.0	0.0	1.0	0.0	0.0	12.0	3.0	41.0	12.0	0.0	7.0	0.0	11.0	13.0	0.0	2.0	0.0	0.0	3.0	0.0
NP_002341.1	1.0	0.0	9.0	2.0	0.0	0.0	0.0	0.0	0.0	0.0	3.0	0.0	26.0	16.0	1.0	4.0	0.0	14.0	9.0	1.0	0.0	0.0	0.0	0.0	0.0
NP_004712.1	1.0	0.0	5.0	4.0	0.0	0.0	0.0	2.0	0.0	0.0	12.0	3.0	46.0	21.0	8.0	10.0	3.0	32.0	6.0	1.0	0.0	0.0	5.0	2.0	0.0
NP_005897.1	0.0	0.0	12.0	2.0	0.0	0.0	0.0	0.0	2.0	0.0	3.0	0.0	35.0	20.0	2.0	3.0	0.0	15.0	10.0	0.0	0.0	0.0	0.0	0.0	0.0
NP_005912.1	11.0	0.0	21.0	8.0	0.0	3.0	0.0	3.0	3.0	1.0	13.0	2.0	67.0	38.0	4.0	10.0	3.0	35.0	22.0	1.0	0.0	0.0	3.0	3.0	1.0
NP_001001671.2	3.0	1.0	5.0	4.0	0.0	0.0	0.0	0.0	1.0	0.0	11.0	0.0	40.0	17.0	3.0	6.0	0.0	21.0	14.0	2.0	0.0	0.0	2.0	2.0	0.0
NP_006600.3	1.0	0.0	10.0	2.0	0.0	0.0	0.0	1.0	1.0	0.0	4.0	0.0	28.0	19.0	1.0	3.0	1.0	22.0	5.0	0.0	0.0	0.0	4.0	1.0	0.0
NP_002392.2	0.0	0.0	9.0	5.0	1.0	0.0	0.0	0.0	1.0	0.0	7.0	1.0	33.0	8.0	2.0	3.0	1.0	17.0	8.0	1.0	1.0	0.0	6.0	0.0	1.0
NP_005913.2	8.0	1.0	10.0	12.0	1.0	0.0	0.0	7.0	0.0	0.0	18.0	3.0	76.0	41.0	5.0	5.0	5.0	41.0	25.0	2.0	0.0	0.0	5.0	3.0	0.0
NP_004570.2	3.0	0.0	7.0	5.0	0.0	0.0	0.0	2.0	2.0	0.0	5.0	4.0	34.0	30.0	1.0	4.0	0.0	22.0	9.0	4.0	1.0	0.0	2.0	1.0	1.0
NP_003609.2	2.0	0.0	8.0	6.0	1.0	0.0	1.0	0.0	3.0	0.0	3.0	1.0	48.0	29.0	1.0	4.0	0.0	18.0	13.0	5.0	0.0	0.0	3.0	1.0	2.0
NP_663719.1	2.0	0.0	13.0	8.0	0.0	0.0	0.0	0.0	0.0	0.0	16.0	3.0	84.0	30.0	2.0	4.0	0.0	28.0	20.0	1.0	1.0	0.0	5.0	3.0	0.0
NP_006566.2	3.0	0.0	5.0	5.0	2.0	2.0	1.0	3.0	0.0	0.0	6.0	1.0	41.0	26.0	4.0	4.0	0.0	15.0	18.0	1.0	1.0	0.0	2.0	1.0	0.0
NP_116584.2	0.0	0.0	4.0	5.0	0.0	0.0	0.0	0.0	1.0	0.0	1.0	3.0	22.0	8.0	1.0	1.0	0.0	11.0	8.0	0.0	0.0	0.0	2.0	0.0	0.0
NP_003659.2	0.0	0.0	3.0	3.0	1.0	0.0	0.0	1.0	0.0	1.0	1.0	0.0	27.0	17.0	0.0	2.0	1.0	14.0	6.0	0.0	0.0	0.0	2.0	0.0	0.0
NP_061120.3	1.0	0.0	13.0	5.0	1.0	1.0	0.0	1.0	0.0	0.0	8.0	1.0	47.0	22.0	2.0	4.0	0.0	17.0	7.0	0.0	2.0	0.0	0.0	1.0	0.0
NP_059672.2	3.0	0.0	11.0	2.0	0.0	0.0	0.0	0.0	0.0	1.0	11.0	1.0	30.0	24.0	0.0	4.0	2.0	17.0	14.0	1.0	0.0	0.0	3.0	0.0	0.0
NP_002367.4	1.0	0.0	12.0	3.0	0.0	0.0	0.0	0.0	0.0	1.0	8.0	0.0	40.0	18.0	1.0	4.0	0.0	17.0	13.0	2.0	1.0	0.0	1.0	0.0	0.0
NP_113605.2	4.0	0.0	17.0	2.0	0.0	0.0	0.0	2.0	0.0	0.0	10.0	0.0	35.0	13.0	1.0	4.0	0.0	10.0	11.0	2.0	0.0	0.0	3.0	1.0	0.0
NP_055790.1	8.0	2.0	21.0	8.0	2.0	1.0	0.0	3.0	0.0	0.0	17.0	1.0	86.0	43.0	6.0	5.0	1.0	34.0	17.0	1.0	0.0	0.0	4.0	1.0	1.0
NP_002746.1	3.0	0.0	2.0	4.0	0.0	0.0	0.0	2.0	0.0	0.0	6.0	0.0	15.0	8.0	0.0	2.0	0.0	15.0	7.0	1.0	0.0	0.0	0.0	1.0	0.0
NP_109587.1	1.0	0.0	7.0	1.0	1.0	0.0	0.0	1.0	1.0	0.0	8.0	0.0	15.0	9.0	1.0	5.0	1.0	4.0	10.0	1.0	0.0	0.0	1.0	0.0	0.0
NP_002747.2	1.0	0.0	1.0	1.0	0.0	0.0	0.0	0.0	1.0	0.0	3.0	0.0	14.0	10.0	0.0	1.0	1.0	12.0	7.0	1.0	0.0	0.0	0.0	0.0	0.0
NP_003001.1	1.0	1.0	10.0	3.0	0.0	0.0	0.0	0.0	1.0	0.0	2.0	1.0	11.0	8.0	1.0	2.0	0.0	12.0	11.0	0.0	0.0	0.0	3.0	0.0	0.0
NP_660143.1	2.0	0.0	11.0	2.0	1.0	0.0	0.0	1.0	0.0	0.0	2.0	1.0	23.0	13.0	0.0	3.0	0.0	10.0	6.0	0.0	0.0	0.0	0.0	0.0	0.0
NP_002749.2	0.0	1.0	1.0	2.0	0.0	0.0	0.0	1.0	0.0	0.0	3.0	0.0	15.0	9.0	0.0	1.0	1.0	14.0	7.0	1.0	0.0	0.0	0.0	0.0	0.0
NP_055606.1	4.0	0.0	4.0	4.0	0.0	1.0	0.0	1.0	0.0	0.0	8.0	0.0	31.0	14.0	2.0	2.0	0.0	20.0	14.0	4.0	0.0	0.0	0.0	0.0	0.0
AAB60430.1	1.0	0.0	8.0	9.0	0.0	0.0	0.0	3.0	1.0	0.0	8.0	2.0	42.0	32.0	2.0	9.0	1.0	23.0	18.0	2.0	1.0	0.0	5.0	0.0	0.0
NP_000236.2	4.0	0.0	15.0	8.0	2.0	1.0	0.0	3.0	5.0	1.0	10.0	2.0	51.0	39.0	4.0	8.0	2.0	45.0	21.0	6.0	0.0	0.0	2.0	3.0	0.0
NP_001020108.1	4.0	0.0	19.0	4.0	1.0	0.0	0.0	0.0	0.0	0.0	17.0	0.0	72.0	30.0	2.0	8.0	3.0	28.0	23.0	3.0	1.0	0.0	4.0	0.0	0.0
NP_660186.1	1.0	0.0	3.0	1.0	0.0	0.0	0.0	1.0	0.0	0.0	4.0	2.0	21.0	11.0	0.0	2.0	1.0	12.0	9.0	0.0	0.0	0.0	1.0	1.0	0.0
NP_001129025.1	2.0	0.0	7.0	3.0	1.0	0.0	0.0	2.0	0.0	0.0	1.0	0.0	19.0	12.0	1.0	6.0	0.0	8.0	8.0	0.0	0.0	0.0	0.0	1.0	0.0
NP_060042.2	0.0	1.0	3.0	1.0	0.0	0.0	0.0	1.0	0.0	0.0	8.0	0.0	14.0	13.0	2.0	1.0	0.0	10.0	12.0	0.0	0.0	0.0	2.0	1.0	0.0
NP_872299.2	6.0	0.0	13.0	3.0	1.0	0.0	0.0	2.0	0.0	0.0	16.0	1.0	35.0	17.0	2.0	3.0	1.0	21.0	10.0	2.0	0.0	0.0	2.0	2.0	0.0
NP_149132.2	4.0	2.0	9.0	5.0	0.0	0.0	0.0	3.0	3.0	0.0	13.0	1.0	59.0	29.0	5.0	7.0	0.0	29.0	13.0	2.0	0.0	0.0	3.0	0.0	0.0
NP_002437.2	8.0	1.0	19.0	5.0	0.0	1.0	0.0	0.0	0.0	0.0	15.0	1.0	45.0	25.0	4.0	9.0	0.0	15.0	7.0	1.0	0.0	0.0	1.0	2.0	0.0
NP_002410.1	7.0	0.0	8.0	6.0	0.0	0.0	0.0	1.0	1.0	0.0	19.0	1.0	45.0	19.0	3.0	7.0	0.0	16.0	7.0	1.0	0.0	0.0	0.0	0.0	0.0
NP_003598.2	2.0	1.0	15.0	10.0	1.0	1.0	0.0	1.0	7.0	0.0	15.0	4.0	93.0	35.0	0.0	16.0	0.0	58.0	20.0	2.0	0.0	0.0	5.0	1.0	0.0
NP_006026.3	5.0	1.0	14.0	14.0	1.0	1.0	0.0	4.0	1.0	1.0	18.0	1.0	84.0	46.0	2.0	9.0	0.0	54.0	20.0	4.0	0.0	0.0	4.0	1.0	0.0
NP_006273.1	0.0	0.0	6.0	2.0	0.0	0.0	0.0	0.0	0.0	0.0	5.0	1.0	25.0	18.0	1.0	3.0	0.0	14.0	5.0	0.0	0.0	0.0	1.0	0.0	0.0
NP_002438.2	4.0	0.0	24.0	9.0	0.0	2.0	1.0	0.0	0.0	1.0	15.0	5.0	48.0	36.0	5.0	10.0	3.0	35.0	21.0	2.0	0.0	0.0	7.0	6.0	0.0
NP_006272.1	1.0	0.0	3.0	2.0	0.0	0.0	0.0	0.0	0.0	0.0	3.0	2.0	23.0	17.0	1.0	2.0	0.0	17.0	10.0	0.0	0.0	0.0	1.0	0.0	0.0
NP_003567.2	1.0	1.0	8.0	0.0	0.0	0.0	0.0	1.0	0.0	0.0	4.0	0.0	22.0	10.0	0.0	3.0	0.0	11.0	11.0	0.0	0.0	0.0	2.0	0.0	0.0
NP_057626.2	1.0	2.0	5.0	1.0	0.0	0.0	0.0	0.0	0.0	0.0	4.0	1.0	23.0	10.0	0.0	6.0	0.0	6.0	9.0	0.0	0.0	0.0	2.0	0.0	0.0
NP_004949.1	10.0	0.0	17.0	19.0	5.0	0.0	1.0	2.0	2.0	0.0	26.0	3.0	107.0	67.0	5.0	19.0	5.0	74.0	50.0	6.0	1.0	0.0	4.0	1.0	1.0
NP_005583.1	0.0	0.0	9.0	11.0	0.0	1.0	1.0	2.0	0.0	0.0	8.0	1.0	33.0	21.0	2.0	5.0	4.0	28.0	16.0	0.0	0.0	0.0	2.0	1.0	0.0
NP_444254.3	2.0	1.0	21.0	9.0	1.0	2.0	0.0	3.0	1.0	0.0	26.0	5.0	104.0	46.0	1.0	9.0	0.0	51.0	16.0	4.0	0.0	0.0	4.0	2.0	0.0
NP_149109.1	3.0	0.0	11.0	4.0	0.0	0.0	0.0	1.0	1.0	0.0	12.0	3.0	26.0	10.0	0.0	4.0	0.0	13.0	10.0	2.0	0.0	0.0	0.0	0.0	0.0
NP_001012418.1	1.0	0.0	7.0	2.0	0.0	0.0	0.0	0.0	2.0	0.0	3.0	0.0	14.0	11.0	0.0	1.0	1.0	11.0	9.0	0.0	0.0	0.0	2.0	1.0	0.0
NP_059129.3	2.0	0.0	14.0	9.0	0.0	1.0	0.0	3.0	4.0	0.0	16.0	1.0	79.0	39.0	7.0	12.0	0.0	40.0	34.0	4.0	0.0	0.0	4.0	1.0	0.0
NP_001077084.1	3.0	0.0	12.0	12.0	2.0	0.0	0.0	4.0	2.0	0.0	11.0	3.0	59.0	35.0	4.0	8.0	1.0	35.0	22.0	1.0	0.0	0.0	5.0	0.0	0.0
NP_009202.1	1.0	0.0	0.0	2.0	0.0	0.0	1.0	0.0	0.0	0.0	5.0	0.0	21.0	13.0	2.0	5.0	0.0	24.0	2.0	0.0	0.0	0.0	1.0	1.0	0.0
NP_055815.1	0.0	0.0	3.0	4.0	3.0	0.0	0.0	1.0	0.0	0.0	0.0	0.0	27.0	12.0	0.0	3.0	1.0	12.0	10.0	0.0	0.0	0.0	2.0	0.0	0.0
NP_036356.1	4.0	0.0	13.0	4.0	2.0	0.0	0.0	3.0	1.0	0.0	22.0	0.0	71.0	24.0	1.0	12.0	0.0	31.0	15.0	3.0	0.0	0.0	2.0	2.0	0.0
NP_665917.1	1.0	0.0	4.0	1.0	0.0	0.0	0.0	0.0	0.0	0.0	7.0	0.0	27.0	20.0	2.0	2.0	1.0	5.0	6.0	2.0	0.0	0.0	1.0	0.0	0.0
NP_002488.1	2.0	0.0	5.0	2.0	0.0	0.0	0.0	0.0	0.0	1.0	1.0	1.0	21.0	19.0	0.0	3.0	0.0	8.0	9.0	0.0	0.0	0.0	1.0	1.0	0.0
NP_002489.1	0.0	1.0	4.0	5.0	1.0	0.0	0.0	0.0	0.0	0.0	8.0	0.0	25.0	14.0	2.0	1.0	0.0	14.0	9.0	0.0	0.0	0.0	0.0	1.0	0.0
NP_003148.2	2.0	1.0	6.0	4.0	0.0	0.0	0.0	1.0	1.0	0.0	8.0	1.0	45.0	20.0	2.0	4.0	1.0	27.0	9.0	2.0	0.0	0.0	4.0	1.0	1.0
NP_954983.1	3.0	0.0	6.0	3.0	0.0	1.0	0.0	1.0	0.0	0.0	10.0	2.0	29.0	18.0	2.0	1.0	1.0	23.0	15.0	0.0	1.0	1.0	1.0	0.0	0.0
NP_055212.2	2.0	0.0	2.0	1.0	0.0	0.0	0.0	1.0	1.0	0.0	4.0	0.0	11.0	12.0	1.0	2.0	0.0	5.0	3.0	2.0	0.0	0.0	3.0	2.0	0.0
NP_598001.1	0.0	1.0	2.0	3.0	1.0	0.0	0.0	2.0	1.0	0.0	2.0	0.0	14.0	3.0	0.0	2.0	1.0	11.0	5.0	1.0	0.0	0.0	1.0	1.0	0.0
NP_149107.3	4.0	3.0	14.0	6.0	0.0	3.0	0.0	3.0	1.0	0.0	10.0	2.0	36.0	29.0	2.0	7.0	2.0	23.0	14.0	0.0	2.0	0.0	1.0	1.0	0.0
NP_699192.1	0.0	0.0	4.0	2.0	0.0	0.0	0.0	1.0	0.0	0.0	2.0	0.0	17.0	17.0	1.0	1.0	0.0	13.0	11.0	3.0	0.0	0.0	0.0	1.0	0.0
NP_057315.3	4.0	0.0	4.0	3.0	0.0	0.0	0.0	1.0	0.0	0.0	8.0	0.0	17.0	17.0	4.0	4.0	0.0	11.0	9.0	3.0	0.0	0.0	1.0	1.0	1.0
NP_005100.1	2.0	0.0	9.0	5.0	0.0	0.0	0.0	0.0	1.0	0.0	8.0	0.0	27.0	15.0	0.0	3.0	0.0	13.0	4.0	0.0	0.0	0.0	0.0	1.0	0.0
NP_620581.1	0.0	0.0	3.0	3.0	0.0	0.0	0.0	0.0	1.0	0.0	1.0	0.0	13.0	15.0	1.0	3.0	0.0	13.0	6.0	0.0	0.0	0.0	0.0	1.0	0.0
NP_002742.3	0.0	0.0	3.0	6.0	0.0	0.0	0.0	0.0	1.0	0.0	4.0	0.0	12.0	12.0	2.0	3.0	0.0	11.0	6.0	0.0	0.0	0.0	0.0	1.0	0.0
NP_002745.1	0.0	0.0	3.0	3.0	0.0	0.0	0.0	0.0	1.0	0.0	5.0	0.0	11.0	9.0	0.0	3.0	0.0	17.0	8.0	0.0	0.0	0.0	0.0	1.0	0.0
AAB40118.1	0.0	0.0	6.0	2.0	1.0	0.0	0.0	0.0	0.0	0.0	6.0	0.0	16.0	9.0	2.0	2.0	0.0	13.0	2.0	0.0	1.0	0.0	1.0	0.0	0.0
NP_002567.3	5.0	0.0	4.0	5.0	0.0	0.0	0.0	0.0	1.0	0.0	5.0	0.0	32.0	11.0	1.0	4.0	0.0	12.0	10.0	1.0	0.0	0.0	0.0	0.0	0.0
NP_002568.2	0.0	0.0	8.0	4.0	0.0	0.0	0.0	1.0	0.0	0.0	5.0	0.0	26.0	14.0	0.0	1.0	0.0	19.0	9.0	0.0	0.0	0.0	0.0	1.0	0.0
NP_002569.1	2.0	0.0	5.0	1.0	0.0	1.0	0.0	0.0	1.0	0.0	5.0	0.0	40.0	16.0	0.0	4.0	1.0	9.0	4.0	0.0	0.0	0.0	2.0	0.0	0.0
NP_001014834.1	2.0	0.0	5.0	3.0	0.0	0.0	0.0	0.0	0.0	0.0	3.0	0.0	24.0	8.0	1.0	1.0	0.0	13.0	11.0	1.0	0.0	0.0	1.0	0.0	0.0
NP_064553.1	4.0	0.0	10.0	1.0	0.0	0.0	0.0	0.0	0.0	0.0	9.0	0.0	38.0	17.0	2.0	1.0	2.0	14.0	10.0	3.0	0.0	0.0	2.0	1.0	0.0
NP_065074.1	2.0	0.0	9.0	0.0	0.0	0.0	0.0	0.0	0.0	0.0	5.0	0.0	38.0	27.0	2.0	2.0	2.0	15.0	9.0	3.0	1.0	0.0	5.0	0.0	0.0
NP_006192.1	1.0	1.0	3.0	0.0	0.0	0.0	0.0	0.0	0.0	1.0	7.0	2.0	18.0	18.0	2.0	5.0	0.0	17.0	7.0	1.0	0.0	0.0	0.0	0.0	0.0
CAA47004.1	0.0	0.0	9.0	2.0	0.0	0.0	0.0	0.0	1.0	0.0	5.0	0.0	24.0	10.0	2.0	6.0	0.0	14.0	8.0	2.0	2.0	0.0	2.0	0.0	0.0
NP_002587.2	0.0	0.0	9.0	3.0	0.0	0.0	0.0	0.0	0.0	0.0	4.0	0.0	23.0	10.0	1.0	3.0	0.0	13.0	8.0	2.0	1.0	0.0	1.0	1.0	0.0
NP_006197.1	1.0	0.0	4.0	7.0	0.0	1.0	0.0	1.0	2.0	0.0	7.0	2.0	57.0	31.0	6.0	6.0	0.0	36.0	19.0	0.0	0.0	0.0	1.0	1.0	0.0
NP_002600.1	1.0	1.0	10.0	4.0	1.0	0.0	0.0	4.0	1.0	0.0	13.0	0.0	47.0	32.0	1.0	7.0	0.0	33.0	21.0	1.0	0.0	0.0	3.0	4.0	1.0
NP_002604.1	5.0	1.0	8.0	2.0	0.0	0.0	0.0	1.0	1.0	0.0	6.0	0.0	18.0	12.0	0.0	4.0	1.0	12.0	18.0	1.0	1.0	0.0	2.0	0.0	0.0
XP_001349680.1	0.0	0.0	2.0	2.0	0.0	1.0	0.0	1.0	1.0	0.0	3.0	1.0	24.0	20.0	0.0	7.0	0.0	9.0	15.0	1.0	1.0	0.0	0.0	0.0	0.0
XP_001350280.1	0.0	0.0	1.0	2.0	0.0	0.0	0.0	0.0	0.0	0.0	1.0	0.0	14.0	9.0	0.0	3.0	1.0	14.0	3.0	0.0	0.0	0.0	0.0	0.0	0.0
NP_631897.1	1.0	0.0	4.0	4.0	0.0	0.0	0.0	0.0	0.0	0.0	5.0	0.0	14.0	13.0	0.0	0.0	0.0	15.0	7.0	1.0	0.0	0.0	0.0	0.0	0.0
NP_036527.1	0.0	1.0	1.0	2.0	0.0	0.0	0.0	1.0	1.0	0.0	5.0	0.0	23.0	12.0	2.0	3.0	1.0	11.0	6.0	3.0	1.0	0.0	2.0	0.0	0.0
NP_006204.1	1.0	0.0	1.0	3.0	0.0	0.0	0.0	1.0	1.0	0.0	4.0	0.0	16.0	12.0	0.0	4.0	0.0	13.0	9.0	0.0	0.0	0.0	0.0	0.0	0.0
NP_000285.1	1.0	0.0	7.0	0.0	0.0	0.0	0.0	0.0	0.0	0.0	5.0	1.0	13.0	7.0	1.0	2.0	1.0	12.0	13.0	0.0	1.0	0.0	3.0	1.0	0.0
NP_002637.2	3.0	1.0	29.0	9.0	2.0	1.0	1.0	3.0	1.0	1.0	21.0	1.0	66.0	41.0	1.0	12.0	2.0	34.0	34.0	1.0	2.0	0.0	5.0	2.0	0.0
NP_004561.2	2.0	1.0	9.0	7.0	2.0	1.0	1.0	1.0	1.0	0.0	12.0	1.0	65.0	38.0	6.0	7.0	0.0	46.0	28.0	6.0	0.0	0.0	3.0	3.0	1.0
NP_006209.2	2.0	0.0	6.0	8.0	0.0	1.0	0.0	1.0	2.0	0.0	8.0	0.0	52.0	29.0	1.0	4.0	3.0	26.0	31.0	3.0	0.0	0.0	0.0	1.0	0.0
NP_006210.1	2.0	1.0	6.0	10.0	0.0	0.0	1.0	1.0	2.0	0.0	9.0	4.0	41.0	35.0	0.0	7.0	2.0	37.0	18.0	0.0	1.0	0.0	0.0	2.0	0.0
NP_005017.2	2.0	0.0	11.0	12.0	1.0	0.0	0.0	3.0	4.0	0.0	7.0	3.0	41.0	23.0	1.0	7.0	0.0	34.0	16.0	4.0	1.0	0.0	3.0	1.0	0.0
NP_002640.2	1.0	0.0	13.0	11.0	0.0	1.0	0.0	1.0	1.0	0.0	6.0	1.0	51.0	19.0	2.0	8.0	1.0	36.0	25.0	1.0	0.0	1.0	3.0	2.0	0.0
NP_002642.1	3.0	0.0	4.0	4.0	0.0	1.0	0.0	0.0	1.0	0.0	11.0	1.0	39.0	20.0	3.0	2.0	0.0	28.0	13.0	4.0	0.0	0.0	4.0	0.0	0.0
NP_002639.1	1.0	0.0	0.0	2.0	0.0	0.0	0.0	0.0	0.0	0.0	1.0	0.0	9.0	15.0	1.0	4.0	0.0	7.0	10.0	0.0	0.0	1.0	0.0	1.0	0.0
NP_006866.2	1.0	0.0	5.0	2.0	2.0	0.0	1.0	0.0	0.0	0.0	7.0	2.0	8.0	10.0	1.0	1.0	0.0	8.0	4.0	0.0	0.0	0.0	0.0	0.0	0.0
NP_001001852.1	4.0	0.0	7.0	2.0	1.0	1.0	0.0	0.0	0.0	0.0	3.0	2.0	13.0	8.0	1.0	4.0	0.0	2.0	7.0	0.0	0.0	0.0	0.0	0.0	0.0
NP_001129110.1	1.0	0.0	4.0	3.0	0.0	0.0	0.0	0.0	0.0	0.0	4.0	0.0	28.0	15.0	0.0	6.0	1.0	19.0	11.0	1.0	0.0	0.0	0.0	1.0	0.0
NP_036530.1	5.0	0.0	8.0	3.0	0.0	0.0	0.0	2.0	0.0	0.0	8.0	0.0	35.0	15.0	0.0	4.0	0.0	19.0	12.0	0.0	0.0	0.0	0.0	1.0	0.0
NP_003550.1	2.0	0.0	4.0	3.0	0.0	0.0	0.0	1.0	0.0	0.0	3.0	0.0	18.0	12.0	0.0	6.0	0.0	15.0	4.0	1.0	1.0	0.0	0.0	0.0	0.0
NP_079055.2	5.0	0.0	5.0	4.0	0.0	0.0	0.0	1.0	0.0	0.0	1.0	1.0	17.0	11.0	1.0	4.0	1.0	7.0	7.0	2.0	0.0	0.0	2.0	1.0	0.0
NP_002721.1	0.0	0.0	6.0	2.0	0.0	0.0	0.0	0.0	0.0	0.0	3.0	1.0	12.0	9.0	0.0	3.0	1.0	12.0	9.0	0.0	0.0	0.0	1.0	0.0	0.0
NP_002722.1	0.0	0.0	6.0	2.0	0.0	0.0	0.0	0.0	0.0	0.0	3.0	1.0	11.0	9.0	0.0	4.0	1.0	12.0	9.0	0.0	0.0	0.0	1.0	0.0	0.0
NP_872629.1	0.0	1.0	4.0	7.0	1.0	0.0	1.0	2.0	1.0	0.0	9.0	0.0	16.0	12.0	0.0	6.0	0.0	8.0	9.0	1.0	1.0	0.0	0.0	1.0	0.0
NP_998725.1	6.0	0.0	19.0	6.0	0.0	0.0	0.0	0.0	1.0	0.0	12.0	1.0	39.0	20.0	2.0	7.0	4.0	29.0	10.0	0.0	0.0	0.0	0.0	2.0	0.0
NP_006247.1	4.0	1.0	9.0	6.0	0.0	0.0	0.0	0.0	1.0	0.0	8.0	0.0	61.0	20.0	3.0	6.0	3.0	29.0	10.0	0.0	0.0	0.0	1.0	1.0	1.0
NP_214528.1	3.0	0.0	7.0	11.0	0.0	0.0	0.0	0.0	0.0	0.0	14.0	0.0	22.0	18.0	2.0	5.0	0.0	12.0	9.0	1.0	0.0	0.0	1.0	0.0	0.0
NP_005021.2	2.0	2.0	9.0	2.0	1.0	0.0	0.0	1.0	1.0	0.0	10.0	0.0	26.0	14.0	0.0	6.0	2.0	16.0	7.0	1.0	0.0	0.0	0.0	1.0	0.0
NP_006613.2	4.0	2.0	11.0	3.0	0.0	1.0	0.0	2.0	0.0	0.0	1.0	0.0	34.0	8.0	1.0	3.0	0.0	20.0	12.0	1.0	0.0	0.0	7.0	3.0	1.0
NP_004064.2	1.0	1.0	11.0	3.0	0.0	0.0	0.0	2.0	1.0	0.0	8.0	0.0	24.0	16.0	3.0	4.0	0.0	17.0	12.0	0.0	1.0	0.0	0.0	3.0	1.0
NP_055079.2	0.0	0.0	7.0	2.0	3.0	0.0	0.0	0.0	1.0	0.0	12.0	1.0	55.0	28.0	0.0	4.0	3.0	28.0	13.0	3.0	0.0	0.0	1.0	1.0	0.0
NP_006245.2	1.0	0.0	8.0	6.0	1.0	1.0	0.0	3.0	0.0	0.0	5.0	3.0	28.0	17.0	2.0	6.0	0.0	17.0	14.0	1.0	0.0	0.0	0.0	0.0	0.0
NP_005391.1	1.0	0.0	8.0	6.0	1.0	1.0	0.0	1.0	1.0	0.0	4.0	5.0	34.0	20.0	0.0	2.0	2.0	20.0	14.0	2.0	0.0	0.0	1.0	0.0	0.0
NP_006246.2	2.0	0.0	4.0	9.0	2.0	2.0	1.0	2.0	0.0	0.0	5.0	1.0	21.0	17.0	0.0	6.0	2.0	20.0	15.0	2.0	0.0	1.0	2.0	0.0	0.0
NP_002731.3	2.0	0.0	4.0	1.0	0.0	2.0	0.0	2.0	0.0	0.0	7.0	0.0	26.0	19.0	0.0	4.0	1.0	11.0	12.0	2.0	0.0	0.0	3.0	2.0	0.0
NP_006248.1	1.0	0.0	10.0	5.0	0.0	1.0	0.0	2.0	0.0	0.0	6.0	3.0	27.0	21.0	0.0	7.0	2.0	15.0	12.0	0.0	0.0	1.0	3.0	2.0	0.0
NP_002733.2	3.0	0.0	10.0	10.0	0.0	1.0	0.0	2.0	0.0	0.0	7.0	4.0	38.0	23.0	2.0	6.0	1.0	25.0	13.0	4.0	0.0	0.0	2.0	1.0	0.0
NP_057541.2	4.0	1.0	10.0	7.0	1.0	0.0	0.0	4.0	0.0	0.0	10.0	3.0	38.0	19.0	3.0	4.0	2.0	21.0	14.0	0.0	2.0	0.0	3.0	1.0	0.0
NP_005804.1	2.0	1.0	5.0	5.0	0.0	1.0	0.0	1.0	0.0	0.0	12.0	1.0	35.0	27.0	2.0	5.0	1.0	26.0	14.0	1.0	1.0	1.0	5.0	2.0	1.0
NP_006249.1	0.0	1.0	4.0	6.0	0.0	0.0	0.0	0.0	2.0	0.0	10.0	0.0	36.0	15.0	2.0	11.0	0.0	17.0	10.0	0.0	0.0	0.0	1.0	0.0	0.0
NP_006250.1	1.0	0.0	8.0	7.0	0.0	0.0	0.0	0.0	3.0	0.0	7.0	0.0	39.0	20.0	2.0	5.0	0.0	20.0	12.0	2.0	0.0	0.0	1.0	0.0	0.0
NP_002750.1	3.0	1.0	7.0	4.0	0.0	1.0	0.0	0.0	1.0	0.0	4.0	0.0	31.0	21.0	0.0	2.0	0.0	12.0	4.0	0.0	0.0	0.0	1.0	0.0	0.0
NP_005035.1	1.0	0.0	3.0	1.0	0.0	1.0	0.0	1.0	0.0	0.0	3.0	0.0	17.0	10.0	1.0	4.0	1.0	8.0	7.0	1.0	0.0	0.0	0.0	1.0	0.0
NP_003904.3	1.0	1.0	6.0	9.0	0.0	0.0	0.0	1.0	0.0	0.0	7.0	0.0	73.0	15.0	3.0	7.0	1.0	26.0	13.0	2.0	0.0	0.0	3.0	0.0	0.0
NP_775267.1	0.0	0.0	9.0	4.0	1.0	0.0	0.0	2.0	1.0	0.0	10.0	0.0	42.0	34.0	0.0	5.0	3.0	39.0	8.0	1.0	0.0	0.0	1.0	1.0	0.0
BAA76843.2	9.0	0.0	15.0	10.0	3.0	1.0	0.0	2.0	0.0	2.0	23.0	0.0	55.0	29.0	5.0	6.0	2.0	36.0	18.0	3.0	1.0	0.0	4.0	4.0	1.0
NP_002871.1	0.0	0.0	2.0	8.0	0.0	0.0	0.0	2.0	0.0	0.0	5.0	0.0	36.0	17.0	3.0	4.0	1.0	12.0	11.0	2.0	0.0	1.0	3.0	1.0	0.0
NP_065681.1	4.0	1.0	14.0	10.0	1.0	0.0	0.0	3.0	0.0	0.0	11.0	0.0	41.0	35.0	1.0	5.0	2.0	31.0	13.0	3.0	0.0	0.0	2.0	2.0	0.0
NP_113668.2	0.0	0.0	5.0	1.0	0.0	1.0	0.0	1.0	0.0	0.0	6.0	1.0	31.0	20.0	2.0	2.0	0.0	14.0	8.0	0.0	1.0	0.0	1.0	1.0	0.0
NP_060813.1	0.0	0.0	3.0	5.0	0.0	0.0	0.0	3.0	0.0	0.0	8.0	0.0	26.0	14.0	1.0	6.0	0.0	15.0	8.0	1.0	0.0	0.0	0.0	2.0	0.0
NP_003822.2	0.0	0.0	8.0	6.0	0.0	0.0	0.0	0.0	0.0	0.0	7.0	0.0	20.0	14.0	1.0	2.0	0.0	14.0	10.0	2.0	1.0	0.0	0.0	2.0	0.0
NP_003795.2	2.0	0.0	5.0	2.0	0.0	1.0	0.0	0.0	2.0	0.0	7.0	1.0	36.0	12.0	1.0	8.0	0.0	21.0	10.0	1.0	1.0	0.0	0.0	2.0	0.0
NP_003812.1	1.0	0.0	4.0	0.0	0.0	0.0	0.0	2.0	0.0	0.0	6.0	1.0	24.0	18.0	1.0	1.0	0.0	17.0	10.0	2.0	1.0	0.0	2.0	0.0	0.0
NP_065690.2	6.0	0.0	7.0	6.0	0.0	0.0	0.0	0.0	1.0	0.0	5.0	0.0	28.0	21.0	0.0	9.0	1.0	24.0	14.0	3.0	2.0	1.0	2.0	1.0	0.0
Q6XUX3.1	4.0	0.0	12.0	8.0	0.0	0.0	0.0	2.0	0.0	1.0	5.0	2.0	30.0	24.0	1.0	4.0	2.0	38.0	15.0	0.0	0.0	0.0	6.0	1.0	0.0
NP_005397.1	1.0	0.0	13.0	6.0	0.0	0.0	0.0	2.0	0.0	0.0	13.0	2.0	79.0	38.0	1.0	4.0	1.0	35.0	22.0	1.0	0.0	0.0	5.0	3.0	0.0
NP_004841.2	0.0	0.0	16.0	7.0	0.0	1.0	0.0	2.0	1.0	0.0	13.0	4.0	72.0	37.0	1.0	10.0	1.0	43.0	19.0	2.0	0.0	0.0	1.0	2.0	0.0
NP_002935.2	4.0	2.0	20.0	21.0	2.0	1.0	1.0	3.0	3.0	1.0	23.0	6.0	87.0	73.0	5.0	10.0	4.0	63.0	54.0	2.0	0.0	0.0	4.0	2.0	0.0
NP_001006945.1	1.0	0.0	12.0	7.0	1.0	0.0	0.0	0.0	0.0	0.0	13.0	2.0	25.0	17.0	2.0	7.0	2.0	22.0	14.0	1.0	0.0	0.0	1.0	1.0	0.0
NP_003933.1	1.0	0.0	12.0	7.0	1.0	0.0	0.0	0.0	0.0	0.0	13.0	2.0	25.0	18.0	2.0	7.0	2.0	22.0	14.0	1.0	0.0	0.0	1.0	1.0	0.0
NP_872198.1	0.0	0.0	10.0	3.0	0.0	0.0	0.0	1.0	0.0	0.0	6.0	0.0	20.0	11.0	2.0	3.0	1.0	18.0	9.0	3.0	0.0	0.0	4.0	1.0	0.0
NP_004746.2	2.0	0.0	10.0	4.0	0.0	0.0	0.0	2.0	1.0	0.0	9.0	0.0	35.0	20.0	3.0	3.0	1.0	22.0	12.0	3.0	0.0	0.0	6.0	1.0	0.0
NP_002944.2	0.0	0.0	8.0	7.0	1.0	1.0	0.0	1.0	0.0	0.0	16.0	0.0	31.0	15.0	0.0	4.0	0.0	14.0	16.0	1.0	0.0	0.0	6.0	2.0	0.0
NP_004577.1	1.0	0.0	11.0	5.0	1.0	1.0	0.0	0.0	1.0	0.0	5.0	0.0	31.0	24.0	0.0	7.0	1.0	13.0	17.0	1.0	0.0	0.0	2.0	3.0	0.0
NP_066958.2	0.0	0.0	3.0	4.0	1.0	0.0	0.0	1.0	0.0	0.0	10.0	1.0	29.0	23.0	1.0	4.0	0.0	23.0	16.0	6.0	0.0	0.0	0.0	0.0	0.0
NP_001006933.1	4.0	0.0	8.0	8.0	0.0	0.0	0.0	1.0	0.0	0.0	10.0	1.0	22.0	19.0	1.0	10.0	0.0	21.0	13.0	1.0	0.0	0.0	0.0	5.0	0.0
NP_055311.1	4.0	0.0	10.0	4.0	0.0	0.0	0.0	0.0	1.0	0.0	13.0	0.0	25.0	20.0	4.0	6.0	1.0	18.0	12.0	0.0	1.0	1.0	2.0	2.0	0.0
NP_003152.1	4.0	0.0	6.0	2.0	0.0	0.0	0.0	0.0	0.0	0.0	9.0	1.0	19.0	18.0	3.0	6.0	1.0	12.0	5.0	0.0	0.0	0.0	2.0	0.0	0.0
NP_001019572.1	1.0	0.0	5.0	2.0	0.0	0.0	0.0	1.0	0.0	0.0	8.0	0.0	15.0	13.0	0.0	1.0	0.0	16.0	9.0	0.0	0.0	0.0	0.0	0.0	0.0
P0C264	2.0	0.0	7.0	2.0	0.0	0.0	0.0	0.0	0.0	0.0	7.0	0.0	14.0	6.0	0.0	2.0	1.0	10.0	7.0	1.0	0.0	0.0	1.0	0.0	0.0
NP_037389.4	0.0	0.0	5.0	5.0	0.0	0.0	0.0	1.0	1.0	0.0	3.0	0.0	20.0	23.0	3.0	1.0	1.0	6.0	13.0	1.0	0.0	0.0	0.0	0.0	0.0
NP_775490.2	1.0	0.0	9.0	6.0	0.0	0.0	0.0	3.0	1.0	0.0	11.0	1.0	33.0	22.0	0.0	3.0	1.0	24.0	12.0	1.0	0.0	0.0	1.0	2.0	0.0
NP_056006.1	1.0	1.0	12.0	1.0	0.0	0.0	0.0	2.0	0.0	1.0	7.0	0.0	48.0	29.0	0.0	4.0	1.0	24.0	19.0	1.0	0.0	0.0	2.0	2.0	0.0
NP_055535.2	3.0	0.0	9.0	3.0	0.0	0.0	0.0	0.0	0.0	1.0	7.0	2.0	95.0	30.0	2.0	2.0	0.0	37.0	9.0	0.0	0.0	0.0	4.0	1.0	1.0
NP_112214.1	4.0	0.0	10.0	5.0	0.0	1.0	0.0	0.0	1.0	0.0	12.0	0.0	31.0	12.0	0.0	2.0	0.0	11.0	10.0	2.0	0.0	0.0	3.0	0.0	1.0
NP_060189.3	3.0	0.0	12.0	6.0	1.0	1.0	0.0	0.0	0.0	0.0	9.0	3.0	40.0	14.0	2.0	5.0	0.0	19.0	8.0	1.0	0.0	0.0	3.0	1.0	0.0
NP_005408.1	1.0	0.0	7.0	8.0	0.0	0.0	0.0	2.0	0.0	1.0	3.0	0.0	19.0	12.0	1.0	6.0	2.0	14.0	13.0	0.0	1.0	0.0	0.0	0.0	0.0
NP_543013.1	3.0	1.0	7.0	3.0	0.0	1.0	0.0	2.0	0.0	0.0	4.0	1.0	16.0	12.0	0.0	1.0	0.0	14.0	13.0	0.0	2.0	0.0	2.0	0.0	0.0
NP_003128.3	3.0	0.0	8.0	6.0	1.0	0.0	0.0	1.0	0.0	0.0	8.0	3.0	31.0	11.0	3.0	2.0	0.0	22.0	5.0	1.0	0.0	0.0	3.0	1.0	0.0
AAC05299.1	2.0	0.0	5.0	4.0	0.0	0.0	0.0	2.0	3.0	0.0	13.0	0.0	38.0	15.0	0.0	2.0	1.0	16.0	9.0	1.0	0.0	0.0	1.0	3.0	0.0
NP_055185.2	2.0	1.0	14.0	2.0	0.0	1.0	0.0	0.0	3.0	0.0	4.0	1.0	22.0	15.0	0.0	2.0	1.0	12.0	9.0	1.0	0.0	0.0	2.0	3.0	0.0
CAA06700.1	0.0	0.0	1.0	0.0	2.0	0.0	0.0	1.0	1.0	0.0	5.0	1.0	9.0	10.0	3.0	2.0	1.0	7.0	6.0	2.0	0.0	0.0	1.0	0.0	0.0
NP_112168.1	2.0	0.0	6.0	1.0	1.0	0.0	0.0	1.0	0.0	0.0	5.0	1.0	29.0	14.0	0.0	3.0	1.0	8.0	11.0	2.0	0.0	0.0	0.0	1.0	0.0
NP_543026.1	3.0	0.0	9.0	1.0	0.0	1.0	0.0	0.0	0.0	0.0	8.0	2.0	14.0	7.0	0.0	5.0	0.0	10.0	6.0	1.0	0.0	0.0	0.0	0.0	0.0
NP_056505.1	6.0	1.0	18.0	12.0	2.0	0.0	2.0	3.0	3.0	0.0	12.0	0.0	47.0	28.0	2.0	9.0	0.0	36.0	29.0	0.0	1.0	0.0	6.0	2.0	0.0
NP_037365.2	2.0	0.0	8.0	3.0	0.0	0.0	0.0	0.0	0.0	0.0	11.0	1.0	22.0	20.0	0.0	6.0	0.0	10.0	7.0	0.0	0.0	0.0	0.0	1.0	0.0
NP_003168.2	4.0	0.0	6.0	5.0	1.0	0.0	0.0	2.0	0.0	0.0	13.0	0.0	36.0	11.0	1.0	3.0	2.0	10.0	8.0	3.0	0.0	0.0	1.0	0.0	0.0
NP_663304.1	3.0	0.0	10.0	5.0	0.0	0.0	0.0	0.0	0.0	0.0	5.0	2.0	26.0	18.0	1.0	2.0	1.0	15.0	10.0	0.0	0.0	0.0	3.0	0.0	0.0
NP_065842.1	1.0	0.0	15.0	7.0	0.0	0.0	0.0	0.0	0.0	0.0	10.0	0.0	49.0	29.0	6.0	4.0	0.0	25.0	13.0	2.0	3.0	0.0	2.0	1.0	0.0
NP_057235.2	6.0	0.0	12.0	10.0	0.0	0.0	0.0	1.0	0.0	0.0	16.0	2.0	62.0	27.0	4.0	12.0	1.0	23.0	22.0	2.0	2.0	0.0	3.0	1.0	0.0
NP_057365.2	0.0	0.0	8.0	7.0	1.0	0.0	0.0	2.0	1.0	0.0	3.0	0.0	48.0	21.0	3.0	3.0	1.0	31.0	10.0	2.0	2.0	0.0	6.0	1.0	0.0
NP_037386.1	4.0	0.0	10.0	2.0	0.0	1.0	0.0	0.0	1.0	0.0	10.0	1.0	23.0	23.0	1.0	1.0	0.0	23.0	14.0	0.0	0.0	0.0	5.0	3.0	0.0
NP_003206.1	1.0	0.0	5.0	2.0	0.0	0.0	0.0	2.0	2.0	0.0	9.0	1.0	23.0	21.0	2.0	4.0	1.0	18.0	11.0	0.0	0.0	0.0	2.0	1.0	0.0
NP_006276.2	2.0	0.0	5.0	4.0	0.0	0.0	1.0	1.0	1.0	0.0	8.0	1.0	35.0	14.0	0.0	5.0	2.0	13.0	9.0	0.0	0.0	0.0	4.0	0.0	0.0
NP_004603.1	3.0	0.0	9.0	4.0	0.0	0.0	0.0	1.0	0.0	0.0	2.0	0.0	19.0	11.0	1.0	8.0	3.0	10.0	9.0	0.0	0.0	0.0	4.0	0.0	0.0
NP_003233.4	1.0	0.0	5.0	4.0	0.0	0.0	0.0	1.0	2.0	0.0	4.0	1.0	27.0	19.0	0.0	2.0	1.0	16.0	6.0	1.0	0.0	0.0	4.0	1.0	0.0
NP_005415.1	7.0	2.0	16.0	4.0	1.0	0.0	0.0	4.0	1.0	0.0	20.0	3.0	38.0	33.0	2.0	6.0	1.0	34.0	16.0	0.0	0.0	1.0	0.0	1.0	0.0
NP_000450.2	1.0	1.0	14.0	10.0	1.0	1.0	0.0	4.0	0.0	0.0	12.0	2.0	37.0	35.0	4.0	7.0	3.0	31.0	18.0	1.0	1.0	0.0	3.0	2.0	0.0
NP_036422.3	1.0	1.0	10.0	9.0	1.0	0.0	0.0	3.0	1.0	0.0	5.0	0.0	34.0	17.0	1.0	4.0	0.0	19.0	12.0	2.0	0.0	0.0	7.0	1.0	0.0
AAF03095.1	2.0	1.0	2.0	2.0	1.0	1.0	0.0	0.0	2.0	0.0	10.0	3.0	38.0	22.0	2.0	4.0	2.0	18.0	10.0	3.0	1.0	0.0	0.0	1.0	0.0
NP_055843.1	2.0	0.0	12.0	7.0	1.0	0.0	0.0	0.0	0.0	0.0	18.0	0.0	78.0	33.0	2.0	6.0	3.0	31.0	22.0	1.0	2.0	0.0	9.0	0.0	0.0
NP_003976.2	5.0	1.0	10.0	6.0	0.0	0.0	0.0	0.0	2.0	0.0	13.0	0.0	21.0	15.0	1.0	9.0	1.0	12.0	12.0	0.0	1.0	0.0	0.0	1.0	0.0
NP_001010938.1	7.0	0.0	17.0	4.0	1.0	0.0	0.0	1.0	0.0	1.0	15.0	1.0	63.0	19.0	1.0	9.0	0.0	21.0	16.0	1.0	0.0	0.0	3.0	1.0	0.0
NP_057062.1	3.0	1.0	9.0	7.0	1.0	0.0	0.0	1.0	1.0	0.0	6.0	2.0	28.0	18.0	2.0	8.0	2.0	21.0	17.0	4.0	1.0	0.0	1.0	5.0	1.0
NP_001012331.1	2.0	1.0	15.0	8.0	0.0	0.0	0.0	0.0	3.0	1.0	9.0	2.0	27.0	23.0	0.0	6.0	0.0	23.0	6.0	0.0	2.0	1.0	1.0	2.0	0.0
NP_006171.2	1.0	1.0	11.0	2.0	1.0	0.0	0.0	2.0	3.0	0.0	7.0	7.0	31.0	19.0	3.0	8.0	3.0	16.0	18.0	3.0	1.0	0.0	1.0	2.0	0.0
AAA75374.1	2.0	2.0	8.0	5.0	1.0	1.0	0.0	1.0	1.0	1.0	7.0	2.0	25.0	22.0	3.0	1.0	1.0	27.0	21.0	2.0	1.0	1.0	2.0	1.0	0.0
NP_060132.3	4.0	0.0	20.0	18.0	3.0	0.0	0.0	4.0	3.0	0.0	19.0	1.0	81.0	48.0	13.0	11.0	0.0	59.0	40.0	1.0	1.0	0.0	7.0	4.0	0.0
NP_114417.1	0.0	0.0	1.0	2.0	0.0	1.0	0.0	1.0	0.0	1.0	4.0	0.0	19.0	11.0	0.0	2.0	1.0	12.0	4.0	1.0	0.0	0.0	1.0	0.0	0.0
NP_003309.2	0.0	1.0	9.0	3.0	1.0	0.0	0.0	3.0	2.0	0.0	4.0	2.0	48.0	27.0	3.0	7.0	0.0	22.0	8.0	1.0	1.0	0.0	0.0	1.0	0.0
NP_003319.2	1.0	1.0	3.0	5.0	0.0	0.0	0.0	1.0	0.0	0.0	3.0	0.0	22.0	16.0	0.0	6.0	1.0	16.0	12.0	1.0	0.0	0.0	0.0	0.0	0.0
NP_003322.2	1.0	1.0	17.0	12.0	2.0	0.0	0.0	0.0	0.0	0.0	19.0	2.0	48.0	27.0	4.0	12.0	1.0	22.0	19.0	3.0	0.0	1.0	4.0	3.0	0.0
NP_003322.3	1.0	1.0	17.0	12.0	2.0	0.0	0.0	0.0	0.0	0.0	19.0	2.0	48.0	27.0	4.0	12.0	1.0	22.0	19.0	3.0	1.0	1.0	3.0	3.0	0.0
NP_006284.2	2.0	0.0	18.0	11.0	1.0	0.0	0.0	1.0	5.0	0.0	11.0	1.0	27.0	25.0	1.0	8.0	0.0	19.0	15.0	1.0	0.0	0.0	2.0	1.0	0.0
NP_003556.1	6.0	0.0	19.0	4.0	0.0	0.0	0.0	1.0	1.0	0.0	15.0	2.0	48.0	26.0	2.0	8.0	1.0	26.0	16.0	0.0	0.0	0.0	0.0	0.0	0.0
NP_055498.2	5.0	0.0	10.0	4.0	1.0	2.0	0.0	1.0	1.0	0.0	13.0	4.0	50.0	28.0	3.0	10.0	1.0	20.0	14.0	2.0	0.0	0.0	3.0	1.0	0.0
NP_001092906.1	3.0	0.0	4.0	3.0	0.0	0.0	0.0	1.0	0.0	0.0	7.0	0.0	20.0	12.0	1.0	5.0	1.0	11.0	6.0	1.0	0.0	0.0	1.0	3.0	0.0
NP_002244.1	3.0	1.0	9.0	9.0	0.0	2.0	0.0	7.0	2.0	0.0	16.0	3.0	66.0	39.0	1.0	7.0	3.0	28.0	23.0	1.0	1.0	0.0	1.0	4.0	0.0
NP_006287.2	1.0	0.0	2.0	3.0	2.0	1.0	0.0	0.0	1.0	0.0	8.0	0.0	23.0	17.0	0.0	3.0	1.0	11.0	8.0	2.0	0.0	0.0	2.0	0.0	0.0
NP_003381.1	3.0	0.0	8.0	1.0	1.0	0.0	0.0	2.0	0.0	0.0	7.0	0.0	34.0	23.0	5.0	1.0	0.0	13.0	9.0	1.0	0.0	0.0	0.0	0.0	0.0
P0C1S8	1.0	1.0	7.0	3.0	0.0	0.0	0.0	2.0	1.0	0.0	7.0	0.0	33.0	17.0	1.0	2.0	0.0	11.0	4.0	0.0	1.0	0.0	2.0	2.0	0.0
NP_001106195.1	1.0	0.0	2.0	4.0	0.0	0.0	0.0	1.0	0.0	0.0	2.0	0.0	21.0	13.0	1.0	3.0	2.0	7.0	6.0	2.0	1.0	0.0	0.0	0.0	0.0
NP_060871.1	1.0	0.0	3.0	2.0	1.0	0.0	0.0	0.0	0.0	0.0	4.0	0.0	16.0	18.0	1.0	5.0	2.0	8.0	5.0	1.0	1.0	0.0	1.0	0.0	0.0
NP_775846.2	3.0	0.0	4.0	2.0	0.0	0.0	0.0	1.0	0.0	0.0	4.0	0.0	27.0	10.0	1.0	0.0	1.0	15.0	10.0	0.0	1.0	0.0	0.0	2.0	0.0
NP_005424.1	2.0	0.0	4.0	6.0	0.0	0.0	0.0	1.0	0.0	0.0	7.0	0.0	21.0	21.0	0.0	6.0	2.0	11.0	8.0	0.0	0.0	0.0	0.0	2.0	0.0
NP_006365.2	0.0	0.0	5.0	4.0	0.0	0.0	0.0	2.0	0.0	0.0	5.0	0.0	15.0	13.0	0.0	3.0	0.0	12.0	9.0	0.0	1.0	0.0	1.0	1.0	0.0
NP_079328.3	2.0	0.0	9.0	9.0	0.0	1.0	0.0	1.0	1.0	0.0	5.0	1.0	81.0	44.0	7.0	9.0	2.0	25.0	15.0	2.0	0.0	0.0	5.0	3.0	0.0
NP_598407.1	0.0	0.0	5.0	6.0	0.0	0.0	0.0	1.0	0.0	0.0	3.0	1.0	17.0	16.0	1.0	1.0	0.0	13.0	7.0	3.0	0.0	0.0	1.0	1.0	0.0
NP_997402.1	0.0	0.0	7.0	0.0	0.0	0.0	0.0	1.0	1.0	0.0	4.0	0.0	9.0	9.0	0.0	3.0	1.0	9.0	6.0	2.0	0.0	0.0	0.0	0.0	0.0
