protein	pc.1	pc.2	pc.3	pc.4	pc.5	pc.6	pc.7	pc.8	pc.9	pc.10	
NP_055726.3	14.322300767949747	-13.251628750973005	8.965487432548533	-9.335079521616779	-10.642215676342364	4.84590252464188	-6.01352556784077	-1.4143407387234468	2.042414982759923	-0.5806835659738558	
NP_005148.2	21.36663614486456	-14.625694848602878	4.0962267705902535	-0.8884046265305007	-1.431793162669916	1.3606665750349394	2.353716086035013	3.427208360777549	2.6082704419443132	-1.1737984993848773	
NP_005149.3	19.719776772562284	-19.31809030472008	4.59237155406145	-1.488246397084165	-0.12056339630312608	1.7910833187828494	-1.5749921105726474	-2.3886316343679166	-1.300964431657096	-0.3593514572788658	
NP_001096.1	-13.081116796815229	-1.3863171048832525	1.5766435196397786	-0.4181620376102756	-2.382881137437402	-0.3428903700053532	-1.0260945780706554	3.6268808552030682	-0.912480611822554	1.0190239972689668	
NP_004293.1	-13.347984835993723	-0.264652023192218	-2.9668388659551286	5.545383392667061	1.7464731611030992	-0.41345699977699235	2.30789690458437	0.10686184777012858	3.856067105179871	-0.48248662463643816	
NP_001607.1	-15.10038056046418	-2.164327612632873	-1.7741768764781998	2.8734618771589946	3.964537069622906	-0.5083767227301839	-1.2545808616790173	-5.357856342000585	-1.746872281554128	1.3489779758554894	
NP_001097.2	-12.827786552686762	-0.7784628309679098	2.2233467322403424	-3.7147701310513503	-0.6231991182955324	-1.8918590572259464	1.5960936820512504	-2.3388037632259704	-1.5663540537450737	0.17007874898314265	
NP_000011.1	-12.85239053458213	0.5021873443875533	2.9295884648099983	-5.39995728845807	-2.0830094971438404	1.2214833366437603	-4.363689920582989	6.002335416871898	-0.7623591105898759	1.193604245713471	
NP_064632.2	-4.9053942835730515	-2.104862612254903	-3.7390997754051702	-3.5010338436018116	1.3155855455469134	5.2983829134525315	2.0933241239015636	1.7864993510742817	-1.329105581764048	-1.202783429589887	
NP_079152.3	-10.494803955504217	-2.644137556011191	1.437766715969416	-3.397641490291961	-1.9483798573029407	-3.5918774932206547	-0.9407042852752537	-7.242246797099652	1.6611399604892627	-0.11813606486309894	
NP_005154.2	-13.883888690523856	6.525193710649171	4.063543152522612	3.113808416467987	-0.28726378998939145	0.8732189249582796	-3.389210416946437	-1.672473292702035	-1.31776453357674	-0.3992015650135398	
NP_001617.1	-14.111151098980322	4.4543267546734	-5.690446527222407	1.239907244755193	-0.42816861998827827	-1.3168863384996914	0.4053127952562217	-0.7775573308120953	-2.809547252148636	-1.6852061292004503	
NP_005456.1	-13.948409633910467	2.0567995119944444	0.7740250376749963	-3.239822205431922	-0.24572392168200777	-3.078785564322171	2.301555257128798	-0.5792342021418515	2.011937993250165	-0.8007307315540487	
NP_004295.2	43.02127288347861	-20.616608971558815	-2.8159168793377045	-2.362692057824972	-1.397323256894208	2.415258322171858	7.206114094245736	-7.165985984796345	-3.6594212956062986	-0.6134564174322578	
BAA36547.1	-10.863749051412174	3.8104112991137233	2.18292459238663	-3.1964613934888977	4.108340068153751	-6.852962296291714	-4.091993988281716	-1.362488708666759	-0.100218475214296	1.2099348839313449	
NP_006243.2	-9.866178892958729	-4.401067714661209	-0.2190242724740928	8.399914348281207	-2.887705054659658	-1.5210078624617374	4.660189254534243	2.5649957069085496	-0.5383259228552504	-1.075401881442239	
NP_848605.1	-0.18644866444742014	-6.0417119297153326	-3.376552541215992	4.9965578092035585	-13.870844774211118	0.7632434567106567	1.7474671508323087	-3.998938815873921	-1.8930281062595231	-1.2276533549618864	
NP_055655.1	-4.16222111110535	1.0141078157728043	-2.7258271327088917	-0.9886783102981943	1.9394583116958282	-3.5831337553418923	-1.0578295118962486	-1.6727902119679525	-0.8065820649973439	-0.9398121495857261	
NP_005914.1	31.15620109758937	2.623516906265543	-4.016383107524859	-0.4546746424577645	1.7383963994547837	-0.9390164058804044	-1.7156416621714723	1.0394765253739147	-4.451640656670249	-0.681645871223743	
NP_004663.3	28.27624438697257	-8.161343758448366	0.26726633952875334	-1.6004743298909316	3.4640049921761595	4.801437389222114	-6.614555265329526	5.088002956918658	-2.8491723186616262	0.17483272378620027	
NP_003591.2	-19.79200984593472	1.535378745588355	0.24886860793756818	-3.7553777527236374	-2.922701462209821	-1.3845056152276307	-3.889428896219821	-1.019282032372682	-0.2763334000202921	1.1022868463949445	
AAH00442.2	-20.97211309758342	-1.7350276094770376	-0.3997624514871607	0.3813044060783069	-1.5542914375653836	-4.640955273740261	-0.48337682527767795	-2.999172931565922	1.7859808230752587	0.015365058725002795	
AAC77369.1	-25.198497109591948	2.59618547450085	-5.254925184744024	2.669913634423689	-5.0535240660453065	-0.7468857137071552	0.4794836684885767	0.8287613878085983	1.6389337422897718	-1.0451353369796414	
NP_001690.2	6.648139561307807	-4.994982296019383	-1.2638401714511855	-6.318734015322992	0.18034546255427464	3.7937191285371346	1.0634262260829737	3.393138626261418	-3.124850089767175	0.43530086848846866	
NP_060063.2	-3.835644111317995	2.0431275663780073	5.295025683233877	3.495161993555732	2.532405097306433	-1.0394324102949821	-0.41570850054276476	-3.660609318529035	2.8826839740439514	0.5126389884685307	
NP_001706.2	-13.607368670909363	-1.0384840236198405	-3.678915111862737	1.2997890239947538	0.06107064094473308	4.607133814509457	1.4678208957086833	-0.04048822780047883	1.0129873042132005	-0.8204206596940369	
NP_004320.2	-14.436214639207604	-0.4379431001234163	-6.877159926309246	1.9230907972458327	-0.10047172584646583	-0.9912252835728925	-1.1596145664747186	1.9429538829371464	5.377952033043931	1.9047806032493653	
NP_001194.1	-15.082875661889116	-1.1582913388966085	-4.381803423244724	-0.4558653052698265	-2.1737378538069434	-1.550288657294638	-0.6579261241195133	-2.3952145477356352	3.8509907208053242	0.7357095253006047	
NP_001195.2	16.390563023841665	2.3301382642509285	2.16577919155333	-6.37602398626016	2.612016156061383	2.3622350726291867	-3.7286004060487397	-5.682248360236753	6.275005380077925	0.04668161570520525	
NP_001712.1	-5.231940856322906	4.493433746510443	0.9044503838192057	7.019052546986583	-1.7240818840144327	1.765002269464931	-1.7450500739063965	0.05452423331874399	2.5070949231329	0.6915875683268251	
NP_004324.2	0.5972524051875252	-2.84979438676646	-4.081153487433453	-2.1313022903611443	2.335502188745631	3.40648259411822	5.311567167976849	-5.0540657097998345	-2.5021772990230873	-1.1336857129305928	
NP_005966.1	-18.036776302055692	0.08029537356571753	-6.694364981268131	3.5354026602152486	4.2313747486598885	-0.38677085748991435	-5.609154532336701	3.63702886314045	-0.8530889232669154	0.49632186007108975	
NP_115806.1	3.589235928868788	-5.4834503325693875	6.468029345234593	-0.2000725691603253	6.031088281493662	-3.772883495425293	-0.8477966782562125	-6.328412884067331	1.7891848836405146	-1.0850037045759608	
NP_003948.2	-3.2909023423499484	0.2903518195692803	2.3926867263335136	-5.448048139514944	4.979729318101657	4.705130149444222	-0.8651589010483818	1.9138190244710487	-7.582256618673694	-0.2821974831100867	
NP_000052.1	-5.165303792864828	2.1409099803742726	-2.1886234319487854	0.1977838496480729	-0.7785236915577249	3.5727997398722864	5.386833767743897	1.967781460963178	-2.695141077531396	-0.3030657018639949	
NP_003647.1	-20.12953779379999	2.492574880091277	0.7002773964880491	-1.9817806602865484	4.5382869942406785	-3.324872045421875	-1.512697866087083	0.527448429550775	-2.5484268813863764	0.26958102826798386	
NP_065130.1	-20.45006932225629	0.10746620277116113	1.462075131487138	-2.8944860178721132	1.5189995845706823	-2.71239767216495	-4.95595248079841	0.007670452582991407	-1.6104691127231012	-0.11948956352338631	
NP_065172.1	-14.548072775586112	0.2840897210482608	-1.6725631200137978	-0.3185990948209381	1.7520791663454174	-4.137837695823936	-6.755644793801035	1.6908152780288916	-3.100696418152832	0.4277641752406918	
NP_741960.1	-15.402368458513921	0.6861688940790776	-1.5530995510753525	-2.767933275782162	5.326362766737648	2.0756853203047387	-2.9818686909796455	-0.41863537317714916	1.4037351301892502	1.0103128497716374	
NP_001211.3	-5.879060379512351	-8.36651954022744	0.6796587602009974	3.1801138118308074	0.3039937369357308	2.41594787394775	4.273995994071426	2.442334045145174	2.7244061862311857	1.4143952508794724	
AAD20442.1	-15.3247039504407	1.7055563566292684	-1.0053796658811338	2.5941187556156216	1.6740099844754763	6.140551549580829	3.495084214028921	1.654758687360243	2.592407905470514	2.620977955373924	
NP_751913.1	-14.305177722380423	-0.5697607262889581	0.16669009912763588	2.6357568881327187	-2.431574794882373	4.999822996191209	2.9189240488531487	2.1144456874502406	0.4335465390466802	1.03436834084539	
NP_001735.1	-14.047151802723183	-1.1570102974045384	1.4373548773421114	0.3352817000373123	-0.19117998131246683	-3.6604017640734137	3.9134114100212116	2.112804132485195	0.455502328459482	-0.6121759816361918	
NP_115670.1	-13.39461137502464	-0.9179609835027442	-1.9775997704688193	1.0572488243778868	-2.173502407668313	2.1764845725302253	-1.8889760356460326	2.4346968249066125	-1.2149770695887023	-0.6789551869419564	
NP_006540.3	-8.211464455334584	1.528491227766926	5.917236095739591	2.496439714672585	4.900478738356918	1.2525626139703474	2.8523379363188757	-5.23688032415826	-0.9438493751375568	0.38176919423764144	
NP_003679.2	9.728139680432996	2.2530534530380755	3.450199885835634	2.5097556731747623	2.1943526681174985	-2.479443532853678	1.5178409012286118	-5.777921963337197	-0.06176340445663111	-0.7591522751620573	
NP_277023.1	3.2634434518204136	10.336117486792302	18.45007634942101	1.2166091359842324	8.302902693354302	0.07677592952733919	-3.243589177823353	-1.9859989833150735	-1.0367338743612236	-0.2010036693728334	
NP_076916.1	4.5308954838263835	15.527338452412069	17.761538688891783	-0.08380816676109205	3.0495741673786325	-3.6800178895254487	1.708343887960684	-1.7634165274723763	1.6942264220133798	0.5478406062363722	
NP_003709.3	45.22150291038279	-17.28447801355383	22.67750413680991	2.394468713728116	3.108670304088667	-1.4524076515916453	-2.6549503318932883	-1.9819264597951631	-4.158446381702149	-1.6889801076967943	
NP_055891.1	-12.739266345074132	0.3673962302472876	3.536118248804369	-0.3307895504488523	-0.050480245834952614	-2.3703383863948204	1.8206444623413671	0.06143059738944149	-5.176688075405837	0.4146670391817933	
NP_001789.2	-23.590994955112116	0.7254276442960524	-1.2837705723472383	-1.0539528378314582	-1.3525955587678564	-0.4549203610684349	2.2523415162709703	-0.9083124851825131	-1.3937628661286108	-1.0202319713196026	
NP_001249.1	-23.233250954728337	0.8028104352374433	-1.729353612687857	-4.321017131311067	-3.533054354428487	-1.5143682163134338	0.4734729665110776	-1.676435457641249	0.11286977199161839	-0.8221561559851572	
NP_000066.1	-22.509485184372974	-0.778991049830119	1.4823278363609034	0.29465559571070266	3.6940298712545996	-0.29586587899537625	-0.17666868250147053	1.7446299006668575	3.32711946068581	-0.6281081336025152	
NP_004926.1	-24.317467881736754	0.24860590652823428	-2.4615681298121217	-1.0834276687159825	-2.667769009460838	-2.1059821342202247	2.7720771104184525	-3.2255399609794173	0.5619108309953202	-0.381707057856205	
NP_001790.1	-21.03409091418259	0.9344816233488731	-2.331128554340678	-3.419930527106039	0.5266494713910534	3.8247657075301547	-2.736696525482066	-3.0875603599513153	0.5291560410645445	-0.5843736719465803	
NP_001251.1	-14.918436304094579	4.829020635429552	1.9958909488920031	-0.8572067960943722	1.2791774223535586	1.0826788762361053	1.7829317340317785	1.8861381927421628	-3.9127763249338776	0.5548929701650178	
NP_001252.1	-20.869617174507198	6.8785963311695335	-0.7922766450425606	0.12251334871319342	3.039145340557266	-0.8242953718822803	3.0883879304555926	-2.6018333916405987	-1.4617621909870282	0.06133998234945607	
NP_004187.2	-20.717028363350696	4.598034952554877	-2.0133633032842275	3.8592668601651785	3.7371642544917516	2.146326720462229	-1.5779468595048356	2.2033021086649116	-1.5222145998575034	-1.1108106455480713	
NP_003939.1	-13.190460103501232	3.742174091368235	-0.18356616896022848	-4.8266463922095335	4.226465606844606	2.3700289389740465	2.5306451516679185	5.049180666400491	0.107407967151554	-0.022832756668143654	
NP_001107047.1	-7.338852323856314	4.26191261083174	-1.5873938415627387	-7.607472785908283	-4.26761591624499	3.40240958251106	-0.19289877258594598	-0.2136721843129692	-0.6449874808816403	-0.3332741241673026	
NP_003150.1	17.434504083320423	3.5662588577885277	5.895107955485724	-12.751952370991987	-3.8558909729503164	-2.7988436351691695	0.4732760318751589	5.193013804816788	-4.490952976486733	-0.470486894331249	
NP_001265.2	-14.467570034274342	1.3329841230557178	1.0164798327036713	3.3822041038982293	-4.27003419326491	-0.21979899747062165	5.680701739702267	1.4470707519616652	-2.142454877037305	0.2858505378147379	
NP_001005735.1	-9.800624347377118	-6.045678757572977	-3.3176012056694493	0.09915917246423339	2.763878337488048	-2.4844517192218816	-0.3644887293707429	1.3854238524986315	-0.0785899767228888	0.2465052928744665	
NP_009105.1	69.91903194332004	16.445628762996492	4.613407347604315	5.731175374268059	-9.948999363857665	-4.451840759966106	6.52976845285267	0.22117710851550992	-0.8460261655320612	-0.9585648182261758	
AAA61480.1	-14.454592452881302	8.45847146669298	2.7971115229592307	-1.6270285279621326	-1.3653185699319639	-2.6229348529939505	1.8763979502153527	-0.8087261870793927	-0.2591526139699841	1.712845993845973	
NP_003984.2	-12.77327610091607	7.276688384128521	3.982048168859213	-0.3570755566971467	-2.1277237707409804	-0.3655528301916338	-2.394577267495388	0.5195009469574088	0.6826981683889284	0.7974048100976769	
NP_003983.2	-14.13722602327114	2.817612276772091	1.9242985754294128	-3.1640308982294005	-1.893785711510466	0.46319955516547384	-3.599696761945915	1.1476608063763802	2.191031489375728	1.4566184105580002	
NP_065717.1	-15.55401338591485	5.367579652573597	-4.59007282544665	-6.370873198275661	-5.670902395316558	-6.316566737968283	7.87576275209207	1.6138365382452253	-1.2003733357740705	0.6363733264938455	
NP_005202.2	11.901208715529917	2.291797190327107	-0.5302171827923339	-1.4519699544896576	3.4214370199056847	4.863878726472473	2.6508045446172708	2.6012275498493613	-5.154719698503405	0.1841910039956002	
NP_004374.1	-17.087660495563405	0.08515779829532684	2.423340583287283	-1.3108982237245894	0.7482736736157678	1.2621335317753257	-4.992154895971231	-0.7733222824775174	4.835539692547636	2.495261879527227	
NP_001883.4	-22.043346630683683	-0.3869030321507271	-3.925909733770432	-1.9988039416787662	1.5441103034066137	0.9500154523668057	-1.5975673564266337	-2.7874702166123253	-4.172184690473431	-0.9540662914462157	
NP_660204.1	-21.757438725071882	-0.07343895408510712	-2.0830145607623267	-0.9218118870227805	1.696198512887747	-0.5367243500848685	-3.315029756540261	-2.9572989389980635	-4.332569126413829	-0.8393607421844307	
NP_620693.1	-17.0882472988934	-0.5812096253138892	3.220528096047187	0.7493509092736277	0.40962986705267823	-1.5393573587170593	-0.2921381366939791	-4.524562822863424	2.545177531474046	-0.49900245309425667	
NP_001885.1	-16.476055024510167	-0.8335659836262824	3.541697267200592	2.1050777780594263	-1.5793623937151453	1.0970742410889356	-2.4800482558096735	-5.335012846483841	1.4319671794462303	-0.5204564110220137	
NP_071331.2	-16.867208817042652	2.6028508668281827	-1.6854318651212177	4.343717236940531	-5.767235329958618	3.4643989137550992	0.06304066493262551	-1.660502741909756	5.135433571811602	-0.6325801405186099	
NP_001310.2	-16.51417489490162	0.42777002319419044	2.425140733901157	-8.603834805962565	-4.41674771656355	0.922629975678612	-0.8346973629196611	-0.5307367439460405	1.7938562211212232	0.07738601942028887	
NP_004375.2	-14.842115957551156	2.197374554232581	4.723271138076065	0.029876850323324246	2.1202248506931407	-5.86662849504606	0.022147695731621356	0.6536326950595063	-4.199139638761452	0.10964452397559919	
NP_001886.1	-18.29968881876181	0.4009371885919376	0.9578492148174952	2.7900174643134292	-2.4118985730940414	1.4984465685742117	4.864083598935755	-3.690723363664355	-4.045657042832296	-1.3855125332339966	
NP_001887.1	-20.29993221726502	5.07919719387158	2.1596603623531583	2.8240967395483025	-1.776530223503726	-0.7917972811715405	1.335937351402598	-1.285225061033444	-1.7925927920973532	-0.9773997870306959	
NP_002369.2	-13.649819143925159	-1.790459712446861	-1.2324767399254222	0.23134016715178743	-4.177406787713595	0.9351329914614235	-4.728304780629252	1.6723864073863615	-4.188633308121091	-0.7529619029551781	
NP_004929.2	35.91932807313857	10.494733714707905	-10.100519520685426	-4.303899740224099	2.2093291651501272	-1.8188197361034608	-10.413383646749564	-1.3710228594871658	4.252422375418905	-0.5077075425144094	
NP_055141.2	-20.04901702549279	1.8066937549604463	-0.9653376583574921	-2.2538187325066485	4.74596403348709	-1.2756433523810258	-1.9783449695292608	-1.3908204306559568	0.2051365861797827	-0.4563481335849496	
NP_001339.1	-14.93470986518471	9.339273083940999	-1.0649866863317008	0.8660573058902854	6.7767931133591235	3.072904216474884	1.177214072911329	1.3392182690470902	-0.05601953366050783	-0.5421238138093557	
NP_004725.1	-0.4143191445063953	-1.4280265701285693	0.42148198719526936	4.461085251085384	4.893332666655255	1.186226513199537	1.8655674513046172	0.5315430395074808	4.26013500770012	-1.792582653725679	
NP_001035351.3	1.2035041054795368	-9.799804869545627	-3.6507476328060045	-5.3248364720190695	-7.704343822892915	0.9260912459250898	1.0871624378233034	-0.9510969257584366	4.137807352793538	-0.8171694278654303	
NP_208382.1	-4.293639720985255	0.7705008835331475	2.0666210562311687	0.07257431369937259	-3.197089883165326	1.3010204337952052	-2.533190053493047	5.141744140152057	0.757831705870327	-0.10044923525608684	
NP_001945.3	5.2980216014657024	-0.32349661073880664	-0.8302259797949404	-3.42836738941763	-8.369731053763523	-0.7516030342742351	-2.675091508778292	-0.9299659534166088	1.175104697199733	0.6719118886170841	
CAA52777.1	4.465596695190994	-1.9586226116076328	-5.331978019098635	2.761910496555794	-7.0694688828117345	2.3697946328530954	0.7400598293701135	2.2586888180841656	5.0419912291486915	-0.625958658210755	
NP_006292.2	6.739723451377636	-15.21056526353084	8.339234988833967	-1.7120544866129022	0.9091846110067844	-6.042941165307271	-1.8174666814653975	-1.807876539146043	3.0888641013547193	0.6241604688187212	
NP_004400.4	-6.626180852154469	-3.56661804385333	2.9081402160318883	2.8615824861355525	7.095116149215391	2.8676592416882443	-3.6858156754511477	-1.733177950219024	-5.187842185720659	0.6558736463327207	
NP_059995.2	43.41924652434053	-4.519613455571447	5.696014341410564	-4.25487581020224	-3.124167068544339	9.594360506498559	1.4491150109794415	1.0219873974825167	-1.0155628104051087	0.17804745413617756	
NP_004751.1	-19.062814221944727	1.1888655013294527	-7.660655725222084	-1.1946849987552968	0.48233027817382046	-1.9918933540977652	-2.368663324347648	-1.5211727820731429	-0.1695399848769604	-0.8132863896072436	
NP_004217.1	-20.58102403455624	0.46374935414363694	0.5529521917751977	-0.06300456992967329	-0.19988016527804958	1.0218975568466984	-4.417347544911805	-1.9096705667710472	-0.6436546799919038	0.8801626322312931	
NP_569121.1	-10.405330401523159	-1.653246692111904	3.259300319557822	3.9360383186152195	-0.7922241358877338	-1.1453583665037799	7.99047221222308	-1.575675685006696	0.3212706963654041	-0.5325275346932414	
NP_004705.1	-5.459837246694201	-10.578758873648551	9.282919510229684	10.40977675274618	-1.4151704374527425	-0.608086211937129	7.712681115784247	0.14970941509241648	0.19052699957249325	-0.02638044552994501	
NP_003574.1	-12.1567029091721	3.1589466339895274	-4.487911875518797	0.9619125203926278	-0.2290019275335666	7.736552339668607	-0.9717766806486513	-1.0635014388409756	-7.988329654989086	-1.0241707766837151	
NP_005219.2	18.825522946509093	-5.404605101069825	3.5339696244340986	-4.160054464226012	0.0859587724803511	0.49940112247550394	-1.9042983928853836	-4.862735918062476	1.1021469751693553	8.178014433513939	
NP_055228.2	-6.66308135002511	5.883838022821251	-2.5245147150505503	-3.8937094584126197	1.5149804294316647	-4.378748644300465	-0.32539128355420843	5.297338034312444	-2.1971763372542816	0.20132314547314048	
NP_005223.3	10.316280566007116	-8.006591338137818	-4.651023272739293	-1.6845614636000916	3.3637997259818637	-3.8718773824363253	3.942031285716455	-0.22491008842304308	-0.879636178295072	0.5858542908774212	
NP_004422.2	8.85034509704079	-0.04144517332130995	-7.096390459359803	-3.37795727680384	3.8432000481415933	2.049504337997902	1.00212650805615	-0.9037652310621709	0.3525184835469872	1.747892228419448	
NP_005224.2	10.481291427182144	4.658295389118732	-8.113617438977421	0.1136531630820243	-1.8175529302295612	-1.644494800558524	-0.010120205623715165	-2.147760557208159	3.0981002207279875	0.3767814273398612	
NP_004429.1	10.182546913749277	2.2125413790196204	-9.024307271795324	0.10673975902452355	3.8418823121102412	-1.5362891342810452	0.9774059513432072	-3.872802365376885	8.666430411826356	1.492372816655513	
NP_872272.2	12.76436224327525	-11.918862063221246	-6.1620331409295765	-0.36321822001038867	-2.1381401026286393	-2.2144939182306036	2.4776144785190994	9.498751064864992	-2.4977152274220416	0.22047953432635387	
NP_001073917.2	17.130296695132163	-10.159429133513	-1.733421656859918	5.801015635304005	-1.6935441832590643	-0.8641588961685225	-0.3799813397902339	0.6347167240620871	3.0940542616778073	1.3786114232732023	
NP_004431.1	11.037518440364536	7.356182971273921	-3.519749231316814	0.8026969907834943	-6.825340597899579	-2.6638242023145486	4.071275401195834	1.9036516705292639	5.78408789730711	1.6272234680997477	
NP_065387.1	10.635289768794731	-13.493817210397733	-5.392807665285029	2.915094911961689	7.855656762814851	4.296120408915989	1.6325727556554632	-2.7170380383457156	-1.7083432945017036	0.4875047704298569	
NP_004432.1	11.528735746011375	-4.035085602735717	-4.407738743753984	-2.9771117234611086	12.11089230726382	-0.3336266528767491	1.1066518139074977	-4.730843751892368	0.5851633481054315	-0.2867540704704789	
NP_059145.2	10.158708502670873	-3.5180943161590847	-6.273886237436874	7.605202545617449	-3.755309611379314	2.587245898553411	2.1929579292740797	10.259022749272436	-1.6345659220525024	0.5938929402680183	
NP_004434.2	11.250839965272903	-12.950619825009953	0.5769307848922358	7.925179782049507	-6.408389499187615	-8.305359142288543	2.0433910773336623	3.057864009175412	-1.456150514724669	2.353047978252145	
NP_004435.3	10.94039262128301	-10.248500045427805	-0.12840124718719778	5.55906338132346	0.21115490471045809	-2.1966660592342917	3.1373040540571195	1.7978427781573598	3.558983695968328	1.1606612455350527	
NP_004436.2	12.543609802876311	-17.45883862884185	-2.997891037531892	-1.2076657904809376	3.581671733732585	3.905521244938789	6.352266434469514	-1.0348105284110158	-2.385121012589162	0.982866663393951	
NP_001005862.1	21.633887857353418	-3.5526507334078627	2.2583709781586534	2.814224195538274	1.0027842322726483	-3.3508384381531116	8.21464157161877	-0.6258885854268081	-7.116412326493659	2.950591159075172	
NP_001973.2	27.145419275813502	-10.374522966730883	2.3329040419385403	3.0983267652955377	-3.9707744411766797	2.9733220263323528	1.031330926979939	-4.486603791564138	-8.190483362341231	3.7568683415734143	
NP_001036064.1	25.496983231270505	1.1215048310325875	-3.2102126228508396	-2.122659079870063	-0.18381320597492531	2.2085445482010466	6.411066588892303	-3.5212666922570666	1.853506867944545	4.041015349069753	
NP_002737.2	-19.70103933024909	0.862504165290505	-2.6624994281160963	-6.377051801718184	-1.4351011045313655	1.5198767270943918	1.2655771074489475	-1.9293299391465468	-2.2198673781846217	-0.5952311474180144	
NP_620407.1	-21.30935774986278	1.1028500980161509	-3.7505596035262783	0.7812709387998384	3.4092046366345903	-0.0142991015645963	1.3581245873938628	5.07607069248235	-1.671945710351834	-0.027816354487851712	
NP_002739.1	-0.7197405352524248	3.0931727045047777	-4.168475768824806	-0.9663403908548218	-1.748085150565424	8.239038338366402	1.3786040237077548	-0.12993557215959747	7.287985487201266	-1.7405818365738488	
NP_002738.2	-9.205624639723403	3.327311700124209	1.846866039890808	1.1839569906443372	4.108847021390252	-2.1281942111509595	-4.334946300695647	1.9157584243974313	-3.9531170217547165	0.9518756986449571	
NP_002740.2	6.739505040536635	-16.19949847516262	15.321947234506023	0.38114093644759384	4.76245814599291	-4.363115068862893	2.944175712413623	-0.31235963025629837	-7.132267435644406	-1.0337162749203404	
NP_620590.2	-11.639477291115343	-2.767810688620755	-3.8881808875921395	-2.6209368415886702	-4.616412889281564	-0.5132487354096165	-5.796290539521914	2.135539860511397	-2.498615182409936	0.004202604217493941	
NP_001424.3	11.057440562595188	-4.418814208154403	-3.411929374847241	-1.2624099268648026	3.2484436633171723	0.7448489387227225	-5.677343345541755	-0.1483570094407188	-2.854898595944003	0.2679775291381432	
NP_722560.1	15.971264511722838	3.4494696454950793	-4.512629403626382	0.9759554412039765	-3.24052414516879	6.553815446673745	0.7037467498874143	-0.8853690117096192	-4.103962107133032	-1.2844061640904847	
NP_005237.2	4.698532128541579	11.64864273652743	-1.8655854351971881	-1.6603463108238643	0.8024392483066869	-5.482158758759116	0.2217232021814341	1.2757670413288478	-2.6616579323670413	-0.9386608335190793	
NP_001996.1	4.132979825990452	2.27787096606784	2.5800011409854258	0.5751942548228762	-1.7837807734823348	2.389040146568802	5.771348196876681	-2.6087968707119362	0.46130650150915237	-0.6872846394879094	
NP_075593.1	-1.6760266869849116	-0.1507692590208008	2.0509789999030796	6.402693295466759	1.0779476183095258	1.6220036127523076	-5.336054136509823	6.97439545579014	-0.04347179611894695	-0.37370363541365725	
NP_075259.4	4.263148114148464	-6.624809441187642	2.6069885147173495	-1.2832990335583812	0.8182802748370193	0.21825561481464653	-4.98522631568052	-5.185657446580377	0.9001746655949072	0.04622461753053036	
NP_000133.1	3.137077428684295	-1.682038479042629	3.6857982225180517	-0.8572850023186719	11.306269338478208	2.4499590595368073	-4.231962861390373	-0.03301093277413999	-0.7510980397350485	0.4872344613138172	
NP_075252.2	-0.682831488753403	-7.257426079656877	-3.805158591322378	-2.9290288035540755	-0.05336465107901615	-3.10630868455682	-1.9439387063875442	1.198456386344996	2.5587451779072596	0.770117219612122	
NP_005239.1	-12.836076382465995	-2.073294510000681	-1.768357550151357	-2.3390249055386008	-2.822279601086126	-1.125175680021455	3.7366569499571898	1.9412195357922373	-2.413187515743562	0.3750923894705488	
NP_002010.2	30.192740674071974	2.0971221524738537	-11.160350059530701	-7.746273524209557	1.21294653813248	-1.8694615015821257	-2.5726150589479353	2.8463768136867227	3.123033941285443	-0.5044868788131902	
NP_004110.2	11.254694913541767	2.7061299223257316	-4.177524153568153	3.2936313943099598	-3.3281717198289105	-1.1634203771465579	5.866360445181925	-2.224091556769144	-2.536082459139592	0.5347295106148052	
NP_002011.1	26.379460719824433	-1.3030344940633203	-4.778455982882038	-3.431664638741631	5.1848336936471275	2.336564357138876	0.5056119218261128	-0.2522765377565618	0.8217685763277345	0.003156867787706774	
NP_002022.1	-14.282317512784182	3.751842972057693	-4.4812972876023895	3.9714132051159097	-3.033799707290996	6.0632188155742615	4.104433352913581	1.6663119604589967	3.1317756700229804	-0.818593616902938	
NP_694592.1	-10.388317191417316	0.2189045320016023	5.973389264088586	0.7901533144606079	-2.097576949394045	2.821425472087501	1.7994589732067765	-2.1034124434326977	-0.477767232358138	-0.1790739690976827	
NP_005246.2	29.81241423091985	-12.6049205230351	4.662895194447816	-2.8242149665269274	-0.6798177637060039	-3.701645908658	-2.467162607342101	2.7185469414757653	3.366051901710702	0.4288542878449621	
NP_001013725.2	49.77704467635745	15.402157835856464	4.1332382631695435	7.842038634038789	2.1502234207777597	-4.706032781465266	-5.064359149876513	2.5116651459444426	-1.1895505785644047	-1.1938425942413649	
NP_002920.1	-10.339901929564512	0.49498269522984845	-1.428397135239172	-5.023379088025227	3.341200473670947	-0.7865895248660889	0.09126139383142093	1.3930599134942265	-2.1315103908134967	0.468769317275222	
NP_892027.2	-9.38291745457342	7.626497453457461	-1.9299379727390151	-2.746917076474335	1.0493679562954832	-0.7207288305787916	2.964871458754745	-4.9821869161439984	2.8486577679227847	0.7500500573732167	
NP_631948.1	-10.649088164162979	4.701371049767709	6.846202834215549	0.02316826600861631	3.26573313446179	0.08605811906916835	-0.39195195848909903	2.9654804099912275	0.28997770649252175	2.1651346841304053	
NP_063937.2	-14.83689624775857	-10.797485898640742	0.2613581228297431	2.9372930463080134	-1.3237521812871678	-5.279670854733823	2.2563192500821336	2.6097272797558118	-2.8211974538389555	0.625265390631165	
NP_002084.2	-17.38037710382738	-4.3837878406785835	1.1396397045722682	3.907562669022817	-2.732619581694262	1.7593032777918531	-2.7318525207876316	-0.7656549184409136	-1.364251712779941	-0.3045276654837074	
NP_002101.2	-11.527890522660803	0.8996938061601265	4.172272862839866	0.804860354806037	1.9040266668814672	0.5383273592584702	1.9942238580781237	-1.5330179607653025	1.1882284502572769	0.3966272224943594	
NP_689909.2	15.566512625894413	-11.047901219736877	-2.2038461178850164	2.813303246139255	3.961725025481535	1.1652226064017281	-4.663610651649028	-2.8274003698569192	-1.2850673258738448	0.9642254346307514	
NP_073577.3	24.12444219980132	-13.201336801656852	5.604141651347688	3.328453854025	8.558508074076583	1.7213025428715019	4.946967420345827	-2.067935476758536	2.1546614788224163	-0.8813100671321278	
NP_005725.3	23.952834711066874	-10.071031843500611	-6.48112864578578	-1.2249311040305708	-9.152084378832559	0.6182148063129617	7.065389494856829	-5.884144400876919	7.1239407911784	-0.15309741858068607	
NP_653286.2	-7.882743390849037	-2.5142731027399865	1.1265977427383163	-5.56343355599577	1.7179812307823417	-1.4875785480039676	4.139766573834431	2.8297300407384975	1.3593851569001234	1.1551693556274067	
NP_001036065.1	4.125284409219563	-11.562755326057015	0.8539994394455465	2.2494727436048505	-4.728323629407264	-5.81350840871789	0.5403521226476627	3.3210852575580048	0.47993022539383917	-0.29390709058790637	
NP_055401.1	-2.973055225015316	-3.4958299977673293	-3.1016120839654246	-3.619174445237541	0.832787547258564	1.7720450412651245	0.6824104076959061	-3.331300822492956	-2.8018481340287447	0.11460975278293667	
NP_055735.1	-4.921058828058012	1.4106877761378924	5.4182248847955465	1.1518276019161058	2.6632612039275543	-4.989266803400731	-0.9142875271090626	0.023060656768079557	-0.7873873944579762	0.08678594859242862	
NP_000866.1	28.608273892304506	2.6660276449297595	-2.0924822402903205	2.261237504424995	4.5470867207010155	-0.27027122477394344	1.425187007811136	3.262827710928139	-1.0549880564490726	1.8804519159840534	
NP_001269.3	-2.979376707029108	1.6984406205301947	-8.803058097844447	7.933373592599024	-1.4419641838964448	-9.76218531034774	3.3061651501614615	5.095410584659356	-0.7635655896701312	-0.41610369780947687	
NP_001547.1	-0.6614377794038097	8.84916550832645	3.0736255950109745	1.834234335698479	1.2728779772975565	1.8205337248801812	2.2688597676272897	-3.6323561023159097	-3.303097415049468	0.2541361470682858	
NP_054721.1	-1.189319119825963	1.0420712716424352	1.443811385904895	2.96071504109575	2.402787708371322	-4.536189612388493	-0.8713096633847202	6.016471712570651	3.1491550381448934	-0.464571457885639	
NP_000199.2	31.08054499243727	4.539210858350173	-8.033212584050593	2.6523647831758996	-1.2890979078003937	-4.012739500171786	0.3779685309330716	1.023502010178041	2.842587936592704	-0.2551201111464101	
NP_055030.1	25.958046350723347	-4.772926170523461	-7.090259275416286	-2.4972698047253847	2.683850118254602	2.3446567026577525	-7.29802393287145	-0.3827800857840544	-6.908818944154678	-0.586352993022218	
NP_001560.2	-3.8105432302211555	-11.90797813505053	2.69860239043349	7.8388154875580325	-0.594372498783318	1.2252140719492566	1.3498479828859744	0.08567917177545321	-2.6020410152743527	0.2669588197899245	
NP_009130.1	-7.989107539479464	-2.52269739890057	0.02385421539515444	4.597428186127405	-0.5002801786263131	-2.666532812983337	-4.454833499980303	-1.3324414472646908	-1.6497292953967821	-0.29316123526444493	
NP_057207.2	-15.87597823348009	1.1248851922468486	1.718258548207072	-1.7574410635786133	1.809456792816427	0.13197182099755578	0.6182771167563234	-2.5967730464611334	-0.6302013928103316	0.9411251751058353	
NP_005537.3	-8.229751053562687	7.754938605415366	2.4836041098931534	1.2302029715085443	4.413780351595637	2.3107413237416203	-4.031621076101095	7.342429185821701	2.885243131126023	2.5763008535656744	
NP_002218.2	18.78648147961033	12.72617127333111	-0.7532251133132376	9.376733197272578	-2.7799518158655734	1.5275475824111866	0.49777616506654226	1.3896739655928323	-0.2742820144467549	2.8187254891347115	
NP_002218.1	17.95751132548262	12.13820824863785	-1.6760672967839787	10.234003602273797	-3.858882967815177	1.3665990619997528	-0.5707639479925811	-0.35117679099181637	-0.2879221433580456	2.7288723563850974	
NP_004963.1	19.771018125087863	13.100788056037802	-3.928393670278585	3.0936365025212873	-3.780882567417357	-0.2277286771917998	1.6233021714092066	-7.346509063164423	2.3034393607791013	-0.11886907825409382	
NP_000206.2	17.432964009061042	-2.6998642049263566	-2.0603202032599555	6.342388781948853	5.994138594223794	4.760663729577532	-3.2185872758929075	-2.6018715790015015	0.7285975756884738	1.35203566653679	
NP_002741.1	-19.901578815653394	5.19888423385026	-4.471229950242819	4.271962028163016	-0.3948322620693878	-0.2794534806389756	2.7571755027233054	0.2984815224225078	0.17309043884267816	-0.5867871486910845	
NP_620707.1	-20.08199326620099	5.753407265948877	-4.031406908037486	4.051822434841311	0.8071466680153325	-2.3587328856399328	2.5252497329434456	1.1652154781507469	1.5601510594363257	-0.42358839488096994	
NP_002744.1	-17.440166319273917	6.10229767339566	1.5713097119010304	-3.9245063184205438	2.1693764890374703	-1.4976746723944432	-2.242767407358552	0.5565533061728102	0.5444910465906337	0.2830966118176856	
NP_000213.1	9.137274301640076	-0.8380128768872426	-10.54019096985424	-1.6525837064551223	1.9020914809663751	-3.5965006656469396	-2.908378377578471	-0.1654120568369988	-6.299017133830149	-0.623966029467891	
NP_004681.1	22.9200547464324	-11.601726427318372	9.88635798370015	-5.341346531366545	-0.2771752679362623	1.8281359516787081	-5.687955787668522	6.3685360480900775	2.9466119642140045	-0.9641175819257861	
NP_055387.1	18.563786471851213	-12.32196279960637	1.2196280020240124	-0.9399513655224109	-0.001029889453654402	2.4849882080685224	1.6653191537319487	5.580730125948119	1.4329754399391654	-0.9391943355535413	
NP_005347.3	-14.619639649129072	0.5533879373089831	-4.850444265667412	-7.010423851779469	-1.1044977182890847	1.939451296463245	-2.1591226216983017	0.0583045337149485	-4.37332975179464	0.1390427358990341	
NP_002305.1	-6.109119755651752	-0.7814781925814188	-1.3576648989437858	-6.513961904844864	-1.1888872762716356	-4.087393090035409	1.8466852820893636	-2.4268280558659927	0.1653391223370736	0.5015966818183804	
NP_005560.1	-8.107979140142696	2.3593504773352003	-4.477049920605688	-0.46001107762264887	0.3051130183626066	4.38236317700885	-0.8202623841354486	7.7578484605225535	3.9656478505067985	1.5723678213370114	
NP_000446.1	-17.833912207217942	0.1651348053710754	2.278340299969513	1.1547873615553979	-1.2290947278863076	-0.9744566446449465	-4.4228734711073905	0.20738958093923815	3.9318534360908526	1.6921886684405538	
NP_005981.3	15.73309333560763	15.635888617684953	16.894025383104346	6.270497604911897	1.269088595456387	0.6001586590200206	4.134853740661233	0.11083277923850927	4.440209359859312	-0.39948384414223337	
NP_940980.3	89.57191484809405	32.977469471106204	-12.34059455612132	22.669620149457863	-6.330856135656943	-1.5457308923690118	-10.736474576446271	2.4458128948047797	-4.75451285884806	0.6323006901613875	
NP_996844.1	2.83538223744588	-18.206517123671457	3.0154215259368273	0.28639360521666574	-4.40336046928269	-0.5659388290136209	-5.068909508255122	2.7638815024675627	-0.6253197959196158	0.49535340583351406	
NP_002341.1	-12.345256881598425	1.9115119030717966	-2.8595023174256875	-3.0058218166471176	-6.917424692189926	0.4661461304562253	-3.0392522217800377	-0.1623803550435648	0.41407267867920255	-1.2887124813782762	
NP_004712.1	10.500290915656723	2.538802907047095	3.0873868024551228	-5.442180829821035	-3.398609389940866	12.889370853472156	2.9243164984431136	-3.233431231239787	-3.777911239788159	0.12403141614568756	
NP_005897.1	-5.503846723760491	-1.438088178085259	4.737512157638119	3.355406815735085	1.3314148755022515	-3.7873641142727696	0.6994470653402324	0.7259807082823042	0.042003240424394774	-0.4841373232230847	
NP_005912.1	38.50493863021164	-18.537772727868504	3.104955053659767	8.809324884354872	0.9666348122030116	-3.100178842260827	-0.8228906194826553	-3.7363279502087847	-2.134401436701465	1.201790157964997	
NP_001001671.2	3.209552031729825	6.619753474253605	3.923634748841041	0.4844542445643937	2.1056297558929	2.520433414823268	-0.44792059962525793	6.864691735024906	-0.14278195951849035	-0.7394061076032123	
NP_006600.3	-6.963952913265236	-5.8474773281952	-1.9629186562281675	-3.5990434169989416	-1.0952196615762673	4.118547342198733	1.4009155047977022	-4.153589748790283	-1.2327141557107542	-0.8314513682069907	
NP_002392.2	-5.2129340257770975	-1.0820453154941734	3.9425011336679385	-10.338757760034044	1.1180557627363896	2.339657178980046	-4.455434253335684	0.19873398931860708	-0.5057418161125694	0.4314882592169657	
NP_005913.2	43.7149909411528	4.944283673977818	1.8706188120571254	-1.5319410187253366	-0.5335336807983792	-6.6237261856588185	0.739701128048068	-0.601543894638869	5.369801219090123	2.1502614290051953	
NP_004570.2	2.474440001877672	-4.204940043099845	-1.9463381882110855	3.093713497351459	5.461783737676403	-2.7312810079785486	6.85360791869566	-4.675905993169373	2.3411706931913074	0.6700423384865252	
NP_003609.2	8.173777839377367	5.519714175982609	-1.0598444573638859	-2.7912559142827504	-2.424499666523916	-1.7849325283589805	-0.24383397294210493	-3.6617123079447103	4.3788427545857	-0.34394159602859636	
NP_663719.1	34.866513614805235	9.562153333001818	16.677909790079287	0.5176785239372153	1.167276919164311	-6.111861340681418	-2.297892263064484	2.0468478123450247	6.567309650952798	-1.0800653030917118	
NP_006566.2	4.150094427105802	0.008191114617607412	-1.8721994199350873	1.4496509751913282	-3.4317305025437945	-1.700106907735512	-4.5913764758581666	-1.1435917772549036	4.442710339687191	0.3504718880197515	
NP_116584.2	-19.599169169651027	-0.04415529434074278	-0.4360514185247316	-1.8201521534090228	0.3057376214365115	-0.5719747472636196	-4.768879086485851	-1.3540105870956427	2.136255989056975	1.207628203635299	
NP_003659.2	-15.07810719955955	3.4844605513604967	-2.13431997863224	-1.8811820208903616	-4.349477653434874	1.5339688678813004	-1.6615521444652224	-3.040318870586327	2.8115385850448833	0.19230526820674698	
NP_061120.3	4.145569222850548	-4.915577586521863	6.2203228938489925	-1.151669988479696	-3.901571223832778	0.024014499374075206	3.575196469412535	2.79784374042091	5.033818479391712	-0.408413431529931	
NP_059672.2	0.44947637254814454	-6.534784068361994	1.046906037686676	6.621434235727354	2.4851496951504415	-1.6795609175478512	-0.6493619006955419	1.2950760908306174	-0.1866371753992804	-1.0060718454656457	
NP_002367.4	0.7364365801787882	-4.523869474109632	2.765405802261292	0.5112777906979441	-3.3287102407125695	-3.133023780080908	-4.799857974712465	-2.203793470142886	-4.022991836410549	-1.2149457038820133	
NP_113605.2	-1.0542023105212528	-14.47725354870684	8.287105897297247	2.6664075752817187	0.3187341987497803	-2.6272420355399486	-4.32620549543891	0.8761083228723	-1.6673933831214356	-0.6048995871106028	
NP_055790.1	45.17440362467848	-28.904246063254813	1.9799318906959409	-4.845839763597136	-8.695494727455657	-1.790121735346606	-2.603504440916504	-4.194274078608384	5.502432741730574	-1.4841809090408364	
NP_002746.1	-19.276267193782967	-2.068437256388422	-1.1601167731276354	0.42667988495031345	3.4061541068675787	0.3816906688415175	2.927470328924088	2.6563042035038498	-1.476321502732974	-0.21205484042707362	
NP_109587.1	-18.423804154198315	-2.7723261244187465	0.5457766500061233	0.11270145421305927	0.6733236864947836	1.4502047337283002	-3.4143448107086396	5.672886733650489	0.6978470198579658	0.4942029725526001	
NP_002747.2	-23.37367307137559	5.924103605028808	-1.2997346980624989	-1.8022791753089762	0.5410383943845949	-1.8419106501322633	1.434128824774099	2.5948844458922706	-0.23654779582239568	-0.0672463279313918	
NP_003001.1	-19.23971767251537	-5.584791487089556	-2.4138290399475606	1.6832686815822433	-0.5134996503442758	-2.259732495760011	-2.2615017244819855	0.6190719027128688	-3.399252211573203	0.23629434950338443	
NP_660143.1	-15.670954800163356	-0.8168567754353926	1.8108189566394761	-1.8455575312748498	-5.402575876725041	-0.1745931428427845	-2.5347936342701964	-3.1190757616168283	0.6710780461320979	-0.0032840206690795824	
NP_002749.2	-22.604969285271164	5.410699220679494	-1.0997894815343445	-2.4436212014909455	4.030192072180753	-2.5371592102656564	2.7741344576978557	2.4584169850648547	-0.19062936268043512	0.08406562310812493	
NP_055606.1	-5.090786745856355	0.26282153977894196	0.3727302227694729	-0.28311291795442367	1.0111129694872514	-4.886935445193282	0.2179812589465741	2.1947295218486635	-2.610682233311624	-1.1351586294437728	
AAB60430.1	12.160765598710475	-4.518999157800139	-7.5338175914121175	-3.5165772311076235	11.859240619813365	-1.773889053596467	1.2475498388473187	-2.075119974628864	6.88078106483825	-0.6199111007834072	
NP_000236.2	30.58359193122378	-1.588776282190974	-15.824213486638806	-12.925139246931538	-1.6731776371368956	-11.899645844999853	12.516694587090518	-3.381402606085016	-0.4434273417604941	1.116473933992192	
NP_001020108.1	31.850218730435813	-1.8075579960981791	9.730612640388554	-4.3628444843978045	-6.101488384746236	-10.857594310550413	-3.280833038369462	2.0770969865204787	-0.17862574696878025	-2.3378432307892374	
NP_660186.1	-17.21071835061322	0.37820568660815274	2.7235311288620743	4.260982411345156	3.9488012792920575	-3.7360523759546798	-1.7435585998311112	-2.2406958405228212	-2.2439504323105353	0.38863570996119046	
NP_001129025.1	-16.826745013013177	0.4681811347919601	0.8387600184898674	1.9479701349102716	1.0752932955618653	-1.7677042945467147	-3.99358146558257	-5.282962420435373	-1.5023012079170772	-0.3682098421107521	
NP_060042.2	-17.963246417925376	4.605309104041853	-0.3278171940281334	2.7248342708077247	-2.1882344555959032	-2.3410668216855477	-4.1658734386342475	1.0651861738553174	-0.4226151490029375	0.08447054418350605	
NP_872299.2	4.8572048941549255	-9.117658338469171	6.0466212304060125	1.5417930344688373	-4.689402212677195	-0.11347760316246436	4.286665766273454	5.318003027074558	-1.5819753620900403	-0.22520430114205225	
NP_149132.2	19.37238062087251	-5.614595726222182	5.29755198300736	-2.9876801409953915	0.10222117914029058	-3.377904232876731	3.9823208422529333	-2.445944343237804	0.7064256567931544	0.7037264364355821	
NP_002437.2	12.655960302297187	-15.172512784213453	8.720357231200117	0.5185289567014061	-3.1232661717442007	0.7467388183217549	-0.028623649407850615	-3.470901344354681	3.395694819631429	-1.1998186884245736	
NP_002410.1	6.134553341654233	-11.303502520977247	10.200820364456112	0.4835567855017143	-1.5355854569972112	3.225595346340811	3.4912149767583927	3.9268670357637445	0.8348762152407938	0.20315523926030465	
NP_003598.2	51.99184529939611	14.286318754676214	11.535095034470823	-0.3389918623595732	11.410332452526085	5.0033895670574395	3.807946023172939	-7.821935781531051	-12.86348252730072	2.032479158811628	
NP_006026.3	52.6862096394947	16.787373879794853	1.7547601851393533	-2.132487700039656	1.1566763367339365	2.661121437042848	9.470871969480406	1.1625417387005004	0.482506005149372	-1.070875984290458	
NP_006273.1	-12.681682999934162	4.268321658959941	2.8921057806231865	0.43843089294938903	1.5949536092269407	1.1542525004845776	0.22585926321274025	-3.7917009044208587	2.46326918116454	-0.9048969334063773	
NP_002438.2	33.61466152275387	-5.629177005709599	-7.343874105079624	0.8461883038196336	2.930350496753965	11.29187634319523	-4.104244425333179	-1.691209852531704	2.297555266237442	-0.5896671598473312	
NP_006272.1	-13.49945640638428	7.400340743023803	0.67573147989742	1.271972519641076	1.2804417455460058	-5.779622872575863	1.3243230773476626	-2.135456443481756	0.4386289323933287	-0.6316232830720835	
NP_003567.2	-15.97116587423849	0.520686390918753	2.895730392395181	1.0689448985305783	-0.08484712131685951	0.9675219290066663	-2.080790098697907	4.06688628097004	-1.917735231619401	0.11456952576307027	
NP_057626.2	-16.89430572150391	1.1043515311766952	3.1998991607681813	1.4008293913708738	2.7710560854171007	1.4383464610488204	-2.4542414112344115	3.8754401935759155	0.24779654694170078	0.6089784801223692	
NP_004949.1	92.40862176510161	7.349651503918336	-13.448033652447123	-5.122258081059194	14.455755753135627	-1.9885315927834684	1.4560484140199095	7.0683225006530055	-1.5816324398781876	-2.6831288644601075	
NP_005583.1	3.0903591370186323	-2.9629849320211123	-9.088475454763879	-3.5242623463904548	4.291999161380319	-0.6807370334367454	-1.9776486887308042	-2.4624304545683775	0.40220887572403335	-0.2532066192923299	
NP_444254.3	58.75877699472284	4.245456860731963	7.285265237870741	-8.35256021280311	-10.742574776048157	14.336042949071864	5.776228095872857	6.755857168441638	0.5800493620496349	1.964106302624747	
NP_149109.1	-8.090810047202567	-4.6660778841812744	1.0031946482589564	-5.650203832639523	-1.397711936603196	-0.8929215763385585	-1.5648272081373684	1.570851204462272	-0.8789039679815508	1.2375775524350416	
NP_001012418.1	-19.358641922458087	0.5304556740666986	0.14457796186755198	4.416631890043306	-2.5356916130356777	-3.205005606588024	-0.8850995731642968	0.8114337393180022	-2.1769856206518554	0.05850871323823043	
NP_059129.3	46.77337471630684	10.987677542464168	-0.5156280113101271	-1.3884430214772692	2.1571253398520778	-7.7638841640593945	2.9654194767856175	10.16868215429837	-1.6225296366214708	0.04286066702342987	
NP_001077084.1	29.79432602559802	-0.7326057229576638	-3.5126190855787627	-2.8425782682327916	5.031498723180698	-7.800404681215541	-2.4329587204094243	-9.358204713556631	1.3691046703577097	0.41936148283403546	
NP_009202.1	-14.222959806331383	6.384177414584223	2.7004200243386154	2.4741463466789244	5.23081009531089	7.4867201186969154	5.560018222573785	-3.005596937117058	-4.3988315728896366	-1.3191680814459548	
NP_055815.1	-14.930111464059642	7.989128786533214	-0.2973551438082729	-6.378420627266741	1.9346492325834503	-2.415722523452202	-5.340007094408012	-1.5890169484609216	2.1580965320290706	-0.2064117752222191	
NP_036356.1	30.633241359613415	12.094931665973418	12.598859155891398	-5.52970048060601	-3.751642561128958	4.730381826657427	-0.418759306459422	3.840629532968171	-3.813419080858473	-0.3216619870892914	
NP_665917.1	-12.459000044256534	6.964449657288875	6.670131630094217	5.221509965473713	-2.747739892687	0.5368654305741892	-2.2818124642625284	-1.9360354170443073	4.341345937240358	-0.801778873276677	
NP_002488.1	-15.532511917947769	7.72406025920776	1.4946527406634054	5.830831342303554	0.2790982465635378	0.16115372017835264	-2.8747259798580207	-3.734470219369341	3.3025820297808512	-0.26604582818603284	
NP_002489.1	-11.981846069008945	1.476434337075543	-0.4198363858910358	-0.25933202285143253	-1.1464844801921539	0.7057897261557506	-0.017048325984440726	3.0138347544805546	2.7630520625741326	-0.6590693045437537	
NP_003148.2	5.707145323913993	1.676710228118995	2.5978218141225393	-3.845339488688907	1.4962144543810985	5.474191296952122	2.5234813665460436	-0.4812988735232352	-1.3426775286469923	0.0805314630437746	
NP_954983.1	-3.27827348608792	5.116792684181447	-1.569621804825715	-5.614360755128014	-1.967609054195914	-6.703425714585146	2.0534459777852243	4.56353068659568	1.794578490715605	0.979830072384947	
NP_055212.2	-22.80625189271706	2.3230067214175283	1.0259903796915253	2.0473185870832302	-3.4580495061348246	-0.09653608937237752	2.7687858617523062	-0.07352729739237188	2.4783998090478025	-0.07107091196788046	
NP_598001.1	-24.804085306868824	0.3361856955842327	-1.3567617121473032	-3.9524392291717425	0.3759056821527798	-0.7271295170216722	0.02559903562835073	-0.26555724527069435	-1.7623363961546776	1.5324158881198524	
NP_149107.3	9.220491944176974	-5.679891051638702	0.8909319397477979	6.9916947922872925	1.5025809787483484	0.5870927848374482	-0.17906654836877867	-5.841732837629917	-0.09608330971154888	2.357798523777642	
NP_699192.1	-16.726421100482067	5.325343466253621	-5.370846348676923	3.5796823282980665	-2.1506934425423894	0.06430086310883355	-3.4323883874784595	-2.5224394548376488	-0.7574476435961872	-1.1663432403862224	
NP_057315.3	-11.038443019597672	-2.760873568723283	-0.024316350554592282	3.951492828521489	1.3714668159774923	-1.6410333291696915	3.0628602930639315	2.0611612918303925	1.4294374744283496	-1.282230078047869	
NP_005100.1	-10.596972999234298	-1.1649952252626812	4.697400204640881	2.416478681577486	-3.972004114290488	1.094396641215429	-2.874409096974517	-7.853231613710504	-0.22110961513878283	-0.9876989585836325	
NP_620581.1	-21.223491626922666	3.184291563448903	-3.3734785849892015	4.710110644589192	0.276743249079822	4.7840048007463345	2.255953726505355	-1.0028601783809639	0.9878931397788842	-0.7772571076192446	
NP_002742.3	-20.729344271586264	1.924508276555082	-2.5906635679971437	3.038442402626523	1.688975453991874	3.951774567676138	3.42045424179854	1.5729642027735034	3.636666112918492	-0.5879417979350343	
NP_002745.1	-21.01909401681146	4.019770319626783	-2.2277994455685177	2.214102504678691	1.444701135375606	0.7681386790068432	3.5031711768654015	2.000728257336322	-3.655771975512287	-0.512721363874909	
AAB40118.1	-19.014212688943097	1.9896883991276313	4.580056758671535	-2.8720971328628275	3.1773962284348047	6.06768091191147	-1.8869146544509328	-3.24678318155012	-0.47104347043991374	-0.5373993005187244	
NP_002567.3	-10.280419959693557	-8.528004290142398	-1.6475690571496973	-5.244942074079012	-0.6456071573113848	-3.9053871765709283	-3.607271015361203	-1.933946298236408	0.30579944608993737	-0.9250681029312736	
NP_002568.2	-11.202561052600245	2.8796087399254024	-1.0445711486345715	-4.048636380575821	1.409719902524426	-1.6859631011963843	-1.3462852193703205	-3.9405928639744996	1.0643586509609448	-0.9249198739816964	
NP_002569.1	-9.53651542408237	-0.8939557293666495	11.069577102871405	-0.3732340420243865	6.286376970490482	6.252876147594157	2.4945639781188307	3.4443675769088182	5.837825101348468	0.5544018005991409	
NP_001014834.1	-15.193746502956092	-2.8421630573448056	0.6913791110333637	-2.5483781896159017	3.7495689143428086	-7.882400448663658	0.7459797111072886	3.2887526567126684	-0.7206411521878584	-0.9590746334228282	
NP_064553.1	-2.4239969036090594	-8.730347037116601	4.073850482212495	-1.4471420984437637	-5.714042358383621	-3.7707639480690136	-0.18742306216358467	3.9340577903702867	0.21194962558328181	-0.7641006229317696	
NP_065074.1	-0.2215656015934735	-1.8302431245045134	3.014416272731994	-1.5588862129291525	-1.8265961342894064	-3.7555626140923613	2.7328184780709024	1.454630288141809	4.675700835221937	-1.07490700599051	
NP_006192.1	-14.388466082440914	2.2984186603574868	-2.9642140143995253	0.09496887865136756	-2.361151675363242	3.5384820200189497	2.6112336153800246	-0.8910783535441834	-3.3766985851746054	0.4041571175298904	
CAA47004.1	-11.149391361371633	1.3600332428954374	1.689691294973617	-2.7830405129017914	-0.12042717962569731	4.58939855902243	-0.37586599415164146	4.116795737578705	-2.575050235108649	-0.6163295749956238	
NP_002587.2	-13.906529680323095	-0.18472213038503457	-1.1874616848297976	-3.675892020908532	-2.1201480899250433	2.9340994821149557	-2.820273201760223	0.7476010872538382	-0.5789903397002952	-1.105123164631828	
NP_006197.1	17.838078673784587	1.1809151813786238	-2.7073011775997933	1.9850933906223827	7.462690808933443	-0.5802323425397137	0.738337666116675	-2.4052409870052496	0.17032876211897563	-0.559371171918202	
NP_002600.1	18.014184584393014	-1.445221705073822	-5.210175775440249	4.923073278247511	6.7536875231808295	12.173253594947932	-2.4763249638602236	3.0243837422385753	-0.1553284528126208	-0.6465107158823454	
NP_002604.1	-11.22555788447998	-5.509092653037625	-2.395505829311255	3.961034032769221	0.4947683539945206	-4.5176352178748616	-2.7313735234685863	7.5440703507208156	-3.9954938167524463	-0.043904275362871475	
XP_001349680.1	-12.069715189337776	8.997163616131575	-3.8078275763321123	7.183914189640369	-0.6813121660431911	0.39628575078699113	-4.827141767471971	0.5959596241187062	-0.8310469654024207	-0.003761635564582742	
XP_001350280.1	-24.22679078149183	4.870711718689797	-2.206717456785222	-3.0935168426681448	0.2697250586578494	-0.12524829930624853	5.093065181145393	-0.1894305640989991	-1.1964437269227655	-0.7189283384073585	
NP_631897.1	-19.026176408487945	-0.6609304341728984	-4.469618481213059	-1.3862582139724844	2.6193327550026604	0.6150755140748453	2.696497349042691	1.2407691596528863	2.0619848559230554	-1.2742836369223316	
NP_036527.1	-16.616171200047415	1.598025762921309	-1.476878856390841	-6.767651218931222	-2.275202729302902	-0.635616942761791	2.3702743533615247	1.1837467832517818	1.71781110543294	0.913383454365057	
NP_006204.1	-19.82343628819858	1.1235188536085263	-5.51524016137691	-1.4629707276666744	1.17549981882329	0.6258918545316146	-0.35081694620880594	0.8327985662582891	-1.0133869890022833	-0.4007518856457543	
NP_000285.1	-18.826668322822222	3.6566544142435076	0.9979148129119266	-0.495827611209805	-0.12834261036997488	-1.8083297511770002	-5.499512073761502	4.144267326251778	-2.70175533125722	-0.05750727706082253	
NP_002637.2	44.84605930945704	-11.590363079583835	-1.7063999785295194	4.804195498188544	-3.4097145128694186	1.2498138954599638	-10.341836196911942	-1.916798042809115	-1.6911731534718488	-0.4217827105742307	
NP_004561.2	35.00851405012051	11.275796557679264	-7.104593084906532	-5.914129200310296	-4.346378883312098	-2.491664732130494	-0.8220651759067058	-1.7811908959975686	-6.242492088914908	-1.2722600048107597	
NP_006209.2	14.411384544472936	6.963569135231819	-11.044506525752487	-1.369495430712684	-1.8820491674185185	-6.143143322958233	-8.304965900887998	3.2440563009286607	0.3025236284246794	-0.4459604634393576	
NP_006210.1	13.836254868017821	7.390806908149046	-12.958187707818217	-0.015192780606230373	3.2842871082223746	3.2243442289062556	8.822804919136582	3.693582951020803	3.332102191842192	0.3727935924592513	
NP_005017.2	12.89422879253579	5.6535249699904355	-8.839120106065714	-6.521774718942438	-5.8167009686523405	-3.723639680009833	5.845116978096322	-2.3646449970382157	-2.4009586402980196	1.4432209185240914	
NP_002640.2	18.948876391617997	10.33303611413474	-0.41192345297900307	-4.693499175968298	15.179602486571696	-5.0016708688534	-2.920711552903949	-4.6620662397551325	-3.1232139328108746	-0.21842803465305605	
NP_002642.1	5.671797955104162	2.3840860915361923	1.7977948100137546	-1.3164539208078587	-0.5946345381978217	-6.634334178314359	7.741045455901645	3.116705343993386	-4.167737909858773	-0.9400342184165965	
NP_002639.1	-24.30559051565641	4.142951786002226	-3.5764059517282445	7.887720506524637	1.3267071905328351	3.258550812676846	-1.290950385983763	-0.5317211046974156	0.4365142198934787	-0.6493881622703284	
NP_006866.2	-23.59103693105406	-5.526948185647664	1.4039228354232733	2.2735405901455574	-0.7092076273918002	-3.303091882193669	2.5347902323123197	-0.09866630643528519	1.1302044221868701	-0.10150833091477929	
NP_001001852.1	-23.19448957957182	-4.144403983614509	1.3046570059873033	-2.1692170668804533	1.0432487441535105	-0.21559348457788474	-4.700456072188982	1.836580818996763	3.655706341670569	0.6956373802366295	
NP_001129110.1	-9.509003771144096	-0.8791400054504098	-5.381604450546312	-0.8881905545119375	1.2179165251792177	0.6788934200351043	2.0616205936870386	1.6609677899832753	-3.0978793874347326	-1.6998277400814954	
NP_036530.1	-3.0190470451147133	-1.1770176927739728	-0.14451219724904382	-2.446088156546382	1.0026649995243437	4.4110609510339005	-2.390485993806552	4.453095159899101	-0.05902656514539444	-0.8461226813035374	
NP_003550.1	-16.945328184777225	2.761701137810128	-1.6585168267487715	-2.432717711637873	4.562136101572272	8.135609941825143	0.4255432120704932	-2.8488374140318227	-1.3250212566327995	-0.7790774766624725	
NP_079055.2	-17.19500015405295	-2.526729829712201	0.7665688635272251	2.561264663933993	0.6946082801114265	-3.54691919188374	0.7634952794076925	-1.7630223469234825	0.2886665387175879	-0.3402931002658967	
NP_002721.1	-21.747488446567694	2.5737407763836075	-2.9668248288289383	-0.369819088895779	-2.6337031089292045	-2.3982764993525403	-1.619442164687482	0.9513656130232485	-1.944484190204953	-0.26545373442207654	
NP_002722.1	-21.687697312552487	3.169801102320581	-2.6113917799240514	0.40783735685025824	-1.3431262817014673	-2.349001496315894	-1.5781587576716953	0.09404895997312439	-2.644589850124199	-0.34176929167524744	
NP_872629.1	-17.04945082078191	-7.264330816412055	-3.937335397294377	0.2845229267900822	3.276074482481016	3.4588252090222893	0.20399510749312932	2.7666123180126525	3.78450846645784	0.1257122206026738	
NP_998725.1	9.982712456649812	-9.898812132547734	-0.22818026710721642	-0.9377462287270458	-8.012528675010422	2.570392258471778	-0.25895970673804963	-3.324367158547559	-4.709186381354783	-1.1710363021908137	
NP_006247.1	13.54841758057522	3.3773672701806463	6.024989224592464	-7.275780297772838	-8.164670135799865	-3.585708950833399	-0.45191784257609785	-3.101280499030312	-2.3902425277210835	-0.5701832544787785	
NP_214528.1	-5.931832539458166	-7.297407271489327	-2.245355072054301	-1.0962004327020725	3.836790187495551	0.8833568895040463	4.164640869191425	2.5750028496218134	8.249246572209318	-1.7848766328473948	
NP_005021.2	-8.630424692232623	-2.360878716209367	-1.2977734847977291	-7.684760523788426	-2.1547940120122044	2.033041337228905	-1.9150526891196984	-4.101029183379441	-0.8627122087656673	0.7770094731390702	
NP_006613.2	-2.5721413565567968	2.0290653757157444	3.523498968851765	-3.487160644319389	-3.3971276221901103	-2.6060620348566523	-5.015781347866538	-1.219345516243184	-5.685476556961191	0.6153582298461697	
NP_004064.2	-5.876821846939935	-3.7327235647887065	0.8966475838415353	4.447615864047981	1.446359808748836	1.6397987548188218	-1.3877483469899698	0.8436644606838659	-0.8541156744570223	-0.06612194056299643	
NP_055079.2	12.468110238840115	2.8700862173179784	-2.1949805861743275	-6.083073221722521	-9.052861140491412	1.8002523139434032	-0.3356531468545491	-1.5065195767706723	-1.7284378542272743	-0.8620275351309865	
NP_006245.2	-5.7838405284682874	-0.19014921827757983	-5.595682616570771	-4.081670124064946	1.0015580652572686	-2.2493747108593634	-0.5093939170570284	1.1354420655378759	0.8971040183244473	1.4436795324086524	
NP_005391.1	-2.9481120117782154	3.584768755575262	-2.885948540979176	0.9101774074209865	-4.914475427231732	-4.074519188625324	-0.962266698709111	-1.5228795084760796	-2.2548306462095016	2.020319508828926	
NP_006246.2	-6.3560500469996555	5.678508247738912	-8.910904546396877	-2.968188128224836	-0.06836416400646882	-6.670486448924315	1.569859980546906	-1.9137446743800035	0.053599129704238385	0.3757094615522672	
NP_002731.3	-9.532944008492466	5.302470143108694	0.8996417509472258	0.8545757739192807	1.8705160813281736	2.949231318932937	-1.179934911351101	1.1427137009788801	3.196482266997173	0.4256534168295909	
NP_006248.1	-4.367809148610819	4.019644711029871	-1.443418707041098	2.1671875275321812	-1.6135500762407942	-2.0759807867819853	2.8211899144164194	2.312206119359742	3.510120169345158	1.215210936880186	
NP_002733.2	6.704477372942024	-8.40258233823772	-7.90006252407923	-0.9878587142497018	-1.8371791683518217	-0.35911095929409625	2.8933575133838323	-2.5871564745203606	-1.413440098230553	0.4279676401546372	
NP_057541.2	5.674720660699069	-10.599799704999956	2.6477916423129413	0.9724825912129447	0.24933415336012066	-7.266543453387208	2.0977591142174403	0.6575912832452172	-0.8510104153729224	1.888197760292635	
NP_005804.1	6.3666989353001044	-4.121328907228106	-0.44294062228391423	8.398988856557782	0.9168903004291736	4.301540896749495	3.7587720742778457	1.6047711413788914	-0.3913121103574245	-0.5118530170019862	
NP_006249.1	-2.312724932885259	1.9440949509477783	1.6309344301223152	0.5258757469909415	3.4928109268142213	3.8818720455450153	2.3711887933733786	3.273092597471641	-1.3751975997283592	-0.5270736501731744	
NP_006250.1	0.8055476257484175	1.4327726905219018	-0.09383255196798511	-5.198170510652526	2.5089801034710146	-5.487725728277884	1.1702813857812941	-1.1136235500752025	-0.3156106812380884	-0.16566574696976205	
NP_002750.1	-9.053591341085482	4.444530570910751	3.5565485518503603	0.03916091673146969	-4.191129126516269	-2.067120582929171	4.239921928849138	-1.3252242774994896	6.039938810237359	-0.12384811831659435	
NP_005035.1	-21.326199374378213	5.169582884182885	1.4881040781368988	-0.04268959802563049	0.4825496101745681	0.34209568729893713	-2.1573057558789546	0.37845301366931927	-1.8633027563930813	0.3151999609601332	
NP_003904.3	16.8624712462563	13.902758723217895	6.836525113241154	-15.401331418558595	2.090093396636187	5.787621612677505	-3.079153099038495	5.810702121493204	2.483301890094103	-0.16556726323827503	
NP_775267.1	11.089629611062167	12.023773239747824	-4.62637401719036	-4.044668168927095	-3.0341691529108004	6.032371281480008	7.474961620778646	-5.996474886707871	-1.1915298171853541	-1.7035294005208483	
BAA76843.2	34.92110599281237	-12.04558620345625	3.9093556144573465	0.8495687687385608	1.1107689083214394	-2.053319410903863	1.8266959563126806	-1.0227402304033728	-2.0249022891076494	-1.3152747305820314	
NP_002871.1	-6.219555666814506	-1.917062799655756	-1.4440898929358843	-2.01684454055416	-1.0190994571841598	-3.2984631421026416	1.0630445026653959	1.180119338943809	4.533114149061131	-0.25653632189216213	
NP_065681.1	16.83078876977355	-1.2565873821840623	-4.66577178668863	3.420700305965224	1.3006330201690959	3.146780106594422	4.739708435048045	-5.29464270613388	4.446064673114713	-1.8153342311149578	
NP_113668.2	-8.597141517768428	7.510204789413905	3.4922652715672755	4.164885796713077	-5.215797095761033	3.5243032942492873	-3.4602577882522683	-1.4109606159343067	1.4885534951612425	0.08540841899500957	
NP_060813.1	-9.806694386456288	4.7125338501499865	1.7100935379302868	2.102337439503684	4.596626404747019	-0.9583856561481846	2.228644733071426	-2.181613425226066	-0.7563887618231157	-0.33740115676704685	
NP_003822.2	-11.351476318891173	-0.3956179218799406	-2.7306313140513376	0.6620046911570981	0.4102416540625154	-1.3806503610742469	-2.3215360381659047	-3.4692710315312283	0.22970048587114442	-1.6006723393752762	
NP_003795.2	-3.414734461066934	1.2771995771533329	1.4263539621457437	-1.1078964381463237	2.6500614350221614	4.168356502225485	1.1122392629524376	2.2537121865721557	-5.699743545391272	0.020622780233779784	
NP_003812.1	-11.405128999030929	0.1490714216148358	-0.7562770095861281	0.8701578437287367	-0.7450233683259917	0.8501050072827493	-0.8123869992467092	-0.4895607045051195	-2.253176472206639	-0.10880791415518468	
NP_065690.2	0.8113977367364644	-1.1304675900256276	-5.078479382833811	-0.04359896139954349	5.4378081746999145	-0.8548977754952464	6.548554543954433	3.3287598831863066	-1.23893802846802	-1.6263739592282034	
Q6XUX3.1	8.123597788550493	5.027211431859252	-3.2273791252470083	1.5442047992098449	3.3559411378402935	-3.308188901729052	4.066620067967112	-4.602051997119296	-5.631033160127546	0.11648674728832913	
NP_005397.1	35.68754149246673	25.034777038935264	11.889734195240667	5.620637868280481	-4.727251855888946	-0.6856749340011862	-2.43724518531857	1.2784457630274053	2.203878279267295	-0.657930620434588	
NP_004841.2	34.7979607845425	19.564365567898538	0.8376771557671738	-5.288416307886018	-5.76414305517293	-1.1241676330736448	1.5866848576499775	-6.388339969797726	-4.217628827258678	0.29103379822885567	
NP_002935.2	76.5377600662619	-7.237706903469689	-24.485367943907537	8.493984777969262	6.565064987404201	-7.368244846222764	-3.6037657183793526	-0.42740577632933957	6.356731293135327	0.17102166827045878	
NP_001006945.1	1.1158149958512713	-0.5590790512608026	-2.5420475834641447	0.7002110165613975	0.9152655432544843	0.13308773580334732	1.4744663148877697	0.9027144175756938	-2.7069837967981485	-1.0078429786597074	
NP_003933.1	1.4119717264573217	-0.6737691458140994	-2.943131612945034	0.52933566002275	1.31178774560182	0.03942385230185549	1.630053895232041	0.5955114525308955	-2.0595591364467287	-1.0583740872988208	
NP_872198.1	-9.453692609234608	4.055630864157104	0.5561180197439868	-1.778297696713319	-0.6885465747786434	0.0647032155425634	-1.3425345175477852	-2.050651723166583	-4.741263538150867	-0.7541374921818039	
NP_004746.2	3.9939576786186444	2.979529979774542	2.13652940705665	-1.6595699813859017	-0.6517196818071499	-0.1651340598487516	-0.22232377751165797	0.7460766199329484	-1.2956750033817495	-0.41591923477815945	
NP_002944.2	0.2925653668395396	1.2170885943265468	0.08033359358660616	-3.6751563245039383	0.9003500232923196	-1.3146818545000527	-4.935368583454355	5.255841253027185	3.498565098334588	-0.41064121193576086	
NP_004577.1	-0.763063573613457	2.6757606229717417	-5.851485964786637	5.092459895822987	-4.703303521021462	4.48590674758933	-10.062654392652533	-4.689581828326455	0.4477934005343286	-1.2522768943446687	
NP_066958.2	-1.3592589803344632	9.146822451489582	-6.581552621513622	1.6289000459775735	-3.21817846778575	-1.1294705015845286	0.961826556660518	2.259155345922185	-5.169954461138302	-1.4589571152039125	
NP_001006933.1	-0.457774449634205	2.3937338093823772	-6.210147108844939	4.971977995910149	1.616560238066953	3.8779891802900077	4.147469381483538	0.06970447702457204	-0.47950006525376193	-1.6511829555678919	
NP_055311.1	1.0767235463289957	2.959874991975151	3.152692868099387	3.049094400679795	2.70206709859712	0.45099817555874566	0.3903089854800663	1.9780548706671357	1.8022841693294815	-0.6437548318584277	
NP_003152.1	-11.168731025714793	-2.3044822714695448	3.1960368068863048	1.0231217781690245	5.08493779728821	4.335343105013612	4.614862230388377	4.103026164297595	5.084172169215714	-0.8297333491591188	
NP_001019572.1	-17.32946183633431	-1.763408616317177	-3.4800408086043872	0.7209046080565671	-0.27442750284943385	1.553092650950713	0.14288904358574386	2.853005606588337	-0.5386426680492676	-0.6394072341694724	
P0C264	-21.261702736336296	-7.749491080343858	0.013133916579484923	-3.9513983447966496	1.1155411798849852	-0.6318838632923585	1.592281320774926	6.7785191101819375	-1.5913272109981496	-0.10409253978669274	
NP_037389.4	-13.563595410473704	2.8121470337521237	-3.574751578465509	5.712842842732055	-0.41357871116460465	-6.0344227429726525	-4.027778724452475	-2.7162717608977642	6.390945694900046	-0.6724224381481357	
NP_775490.2	0.5991130645877099	-7.624018399782374	-5.614841654780884	0.04091862361541733	0.671262568733404	2.267875160503514	2.861327573851793	0.4389761215384746	1.9749415277671272	-0.4500945300191113	
NP_056006.1	9.807382812736378	1.1192702770994634	-2.8567528421213777	3.327631894036992	-5.250799849416763	-1.3584893430746177	-4.150307156862818	1.6879287811869306	-2.076371622922536	-0.4532475236540886	
NP_055535.2	32.37370455274064	26.00076796556984	24.52722755997807	-4.45476424410098	-0.8616941848216827	0.24796332546029182	-0.12923041925266543	-2.736396446875234	1.4132983892853577	-0.04708531264359576	
NP_112214.1	-5.260730178334759	-5.936968523112026	4.044771915420305	-6.404902476340102	1.0975099908490558	-0.7028423903239217	-4.151168004446058	0.9641392168019792	4.254223269843588	0.014978742597426146	
NP_060189.3	2.1244280945415537	-6.883837661649278	6.672905100174762	-1.957555216044517	3.234436500184114	0.8185919182961933	3.101841209027447	3.5417191001818664	1.9168859682015515	0.17071445605708468	
NP_005408.1	-13.349257791065803	-2.0931565495994398	-6.8109840710268745	-0.2796546240371777	3.153132348527359	4.995582834131338	-2.5833247832232455	0.8809259142752374	1.231707070814014	0.34491610986605553	
NP_543013.1	-15.614653740953322	-1.3448184575104474	-0.8780585591408622	-0.6443376269552417	5.112499194983785	-0.8272283429391711	-2.7581562250761196	2.919751692112531	1.9111108525876126	1.2052434354731008	
NP_003128.3	-4.014704912688784	6.40083898999978	7.500286091055643	-5.543594184502899	-1.987175598124441	-1.8998534887186362	1.5512893656429938	-4.900914962047363	-1.8963405348529214	0.70093389297193	
AAC05299.1	-3.571693335039253	1.4118638318328982	5.162644758500132	-1.6307541808959325	-2.4795176238339223	0.327409466273745	2.6583900177814637	5.4239776601211185	1.9533977081739464	1.5079821106685678	
NP_055185.2	-10.946280574153333	-2.9000475631276013	3.9989305123347783	6.405567934955723	-5.099348037402248	-4.784408851263076	0.8282033893287029	-0.7713788497873907	-1.8477333143296921	1.5679182292373217	
CAA06700.1	-23.98753365472377	3.4272881127190677	-0.2671484546684211	-0.8557823937769382	-0.9429981515276072	1.849723438083551	-0.5243918098422475	0.7514705317931698	0.09991787330895367	1.0458098335115082	
NP_112168.1	-12.532145424260998	1.3155595986674162	4.693907606055302	3.394058291070186	-0.6428408002227637	-1.5352338680330138	-3.549031691168839	2.0958912941224304	0.9005786614248159	-0.15093650659670493	
NP_543026.1	-19.154094732482882	-4.779960922772135	0.2806992380320608	-3.88048427001997	-2.0570595831858096	4.933153697493691	0.4607185711247233	2.711386924289971	-2.273088158408297	0.6773002962823798	
NP_056505.1	27.910043435901578	-11.058469842122067	-9.31685107316379	-1.15684284683614	3.719068885649183	-3.9751232160812506	-2.498149052467046	3.0383790362870444	-3.294481045687362	-0.5910005188608123	
NP_037365.2	-9.98176072001638	-2.627987225079575	1.168685516946961	5.960355961153797	-1.8796078431672896	4.746132588231238	-0.7485321273875866	-1.240635674261591	1.362822083787644	-1.1039556416411687	
NP_003168.2	-4.551345310326781	3.248864505268744	6.819708681252862	-8.239699875593002	-0.4493565105154252	-1.0834863321164006	-0.7248836520542518	4.883341329492538	4.1796959099700315	0.8811174494466362	
NP_663304.1	-7.527756086538013	-1.7560387758783726	1.712551444733239	2.1118701222367826	-2.077341320653793	-5.476625631946649	-2.9031365106660187	-4.258031630137643	2.1111988336160734	-0.8039647809964826	
NP_065842.1	16.642145193706035	10.234020809592266	7.065609559102743	1.401678366445256	-5.117048175670878	0.558922320376211	3.907969422457328	4.099670299600045	2.8045941719782643	-1.9669633128323276	
NP_057235.2	27.801321417547566	1.938455504199278	10.575733753037083	4.016847017768406	11.372720342171947	3.315958782196528	-4.380600153774883	1.8458540968519312	2.780051577659118	-0.9060451620353422	
NP_057365.2	10.22528473195899	16.475708185924187	5.7540669981430375	-6.369451078220609	0.5341278979074122	-5.696145565111595	6.196891806835563	-0.7946955760137324	0.027042067415167122	-0.37148204215495906	
NP_037386.1	-1.5654467527465672	0.3821403955652912	0.7276929392888676	9.997453003175734	-6.630763813065829	1.1210519970197776	1.2166919022027887	2.6401532940897257	-1.936570999039808	-1.0226386172567283	
NP_003206.1	-6.925196137410166	6.714149390754093	1.317906949114383	8.187847723957267	-3.189429234494473	1.113189193768815	0.01202965348619436	-1.3599143547914199	-2.094035025324576	0.3144809061322382	
NP_006276.2	-6.946933721833483	-6.8723623999023955	6.572008886837237	1.671461203714767	4.067910434763759	-0.8047828124323535	1.503475806049541	1.0936982192575713	0.8727395926032282	0.3516045103747919	
NP_004603.1	-14.580458355711798	-4.466137922199953	2.9112169771580025	0.8027796745979834	6.217018228825088	2.764683024958882	-3.1898835296579535	-2.5352579960092694	-2.138282602625831	0.11137989315468327	
NP_003233.4	-9.663221142132212	2.644233141028433	1.0059961597345455	3.009055592765724	-1.1200509806107355	3.020479639227486	1.1945754904307357	-2.669768705882701	1.0643561905768701	0.43555159260859805	
NP_005415.1	16.659452127813907	-11.810821587405512	-2.720772566771603	3.0999589245328036	-4.3041738785448365	6.9149079792508665	0.8261140696960917	1.0032570317037877	-5.1538539735935975	2.243219721257513	
NP_000450.2	16.493755889458342	6.60250734110237	-9.035058759526333	-1.6729122859613426	-2.826254968565252	7.066221891120006	-3.7256124859485062	-4.725896019697966	4.402885558258725	1.0048773870590801	
NP_036422.3	1.4609572921182319	3.9975777880834062	1.7870434480101236	-1.3329468085486342	2.6477211447210265	-1.0799592956929356	-3.2032608783315233	-5.673160789302936	1.6539387402955943	0.3822418578153308	
AAF03095.1	-0.5255192753511936	5.528465996336442	4.320786578502661	2.2518502588476816	1.5437143153369812	0.5526608519190453	2.251533635918342	-0.2655025784915458	-0.17461228598023945	1.6373832211183934	
NP_055843.1	35.62537379556186	6.476016411063396	15.387812269433335	-0.824139859642216	2.7772649341071394	-5.309801544684242	1.0257171193153873	5.876212624058941	6.328170282944241	-2.0900118511077492	
NP_003976.2	-6.139978944894343	-14.472763111415965	-3.6953639610397784	-1.0247030662594898	1.8640029776680063	2.5514044181277344	0.568829747601196	2.297418080860916	0.671920709398341	-0.25539946147096015	
NP_001010938.1	20.13492994336956	-16.805797681537562	12.673389688116606	0.9490737256465935	0.012839467708797984	-3.238384302428833	-3.8929297789861437	-0.05194400293034786	-3.8193580037726895	-0.9750437293721657	
NP_057062.1	3.0639294550260776	0.9725239299190797	-8.552072831790806	0.32305327524401733	-2.1864512454341853	-2.0690461425336375	0.2921509585987131	-1.610492068135429	-3.3814163287648866	-0.28712690306165267	
NP_001012331.1	0.9730844904506923	-0.3639137383420366	-0.9190695023015997	-1.9447010715946602	0.25897882686427676	2.2584800176124546	6.3041480930111256	-4.581709639907049	2.440152538800708	0.6931816007725542	
NP_006171.2	-0.5181480554880397	4.896115126019424	-1.669695910225975	1.6952932156739042	-5.8193084374026505	6.948701235095207	-4.854505757946381	1.9022970542746274	-3.647456230966412	3.8226180395738543	
AAA75374.1	0.2545061311524264	2.308456593450059	-6.761827099538593	0.3011371077274902	0.859062688102495	-7.872711116552092	0.8961342533944019	3.977857895372795	-2.2130194568205623	2.115406370200251	
NP_060132.3	65.36385693050728	6.354149436330035	-14.345532311179475	-10.563328185584268	-5.788066155750258	7.495194083330312	-8.261373965200766	1.8827917301914743	-0.7893738816729021	-1.4629280321215248	
NP_114417.1	-20.957025618924117	4.109429169316998	1.8477730420394225	0.9538019516655902	-1.1506394925417334	3.1400783593896113	6.5832151317958925	3.64865606550998	0.6723484193432072	0.7437910046159232	
NP_003309.2	6.526915778373336	5.8690452737949625	5.205389680384584	4.929022855415936	-0.06813336389817151	5.123009942512057	0.8132901480010087	-5.330475362347382	-0.997334133160928	1.3160972387407253	
NP_003319.2	-13.302359029298175	2.780439416986672	-5.56871004098635	0.5069524062955725	1.124462338754055	-0.12591095568937993	0.7479335856387758	-1.2908777165310075	-1.4417935102129429	-0.5892909860945241	
NP_003322.2	22.210144354813643	-7.713295348578622	-1.790390154200951	1.4664851130082976	-6.754545517491563	6.361851476146855	-1.5333984491563828	2.2494911998770415	0.05618605505067708	-0.8181529530590157	
NP_003322.3	22.210144354813643	-7.713295348578622	-1.790390154200951	1.4664851130082976	-6.754545517491563	6.361851476146855	-1.5333984491563828	2.2494911998770415	0.05618605505067708	-0.8181529530590157	
NP_006284.2	4.852273957210685	-15.564841235963478	-5.826558077487142	1.6023523199189533	6.767268933367843	1.45612409437035	1.7938005095030276	-0.9288280504578283	3.7073111235369494	0.5511458832168717	
NP_003556.1	16.70003746306021	-19.000660317791656	3.323154266272563	4.854003152141797	-2.374305585769292	-7.25959492700444	-0.13337344399529452	-2.129343591639503	-5.428214923680064	-1.393072213030669	
NP_055498.2	15.57087107169676	-7.748375360750408	2.5504430107689364	2.393583051264788	2.9870890270251866	4.538276206415429	-1.5975573789901263	-0.165886749383606	0.5120878180941609	0.5015727286206089	
NP_001092906.1	-13.946980305250396	1.0041927383203602	2.846522814269746	5.252262595189034	0.7816350143408038	3.237019735437817	1.9943567359501293	1.187110985504531	0.37691140938141815	-0.7415822728382204	
NP_002244.1	28.510030799832986	-1.9492791070499629	-4.86072992434104	1.484641081270889	2.0884625447377445	3.092189168207538	-1.3233280957311595	2.3676917065383543	8.121283151862563	3.20948171522459	
NP_006287.2	-12.821154302886953	3.318561820990447	-2.4238808870544677	-3.5156448822554487	-1.8085285821341464	2.913073716360021	-2.686032733935043	-0.590640358205299	2.6933982222245496	-0.1432217696454369	
NP_003381.1	-4.414470255150277	-2.8026098331812723	5.449265414723189	4.763325541558917	-6.475974728615502	-2.793831824576401	-4.680175552534846	-4.253367283184762	0.9968893191028864	-0.442445771279231	
P0C1S8	-9.264274197870696	-4.028777984710756	4.98784691656445	2.2515795598828148	-6.879522445920041	2.8802195410464253	-0.7844038761137059	-1.7484182720491048	1.84700177822249	0.6013726020536669	
NP_001106195.1	-18.522995985948473	5.9504466194553185	1.8422531987568538	2.1830441709011192	-0.3513741483063121	-0.18407681008869045	-0.7286578342651794	-1.7784006352558015	1.3805564064003057	-0.08895296608586221	
NP_060871.1	-17.16990373909074	6.424886421751635	0.5229467641865342	4.482119428628352	-1.7883248811167258	4.3794311548393186	0.13414810160455343	-1.9335515153925975	1.7958474078091407	-0.9209533534537037	
NP_775846.2	-13.843193176509017	0.9203549129408185	1.8491670917581733	-2.8802227229263524	-1.6779689461988132	-5.853973356158307	-0.10099564196136572	1.9419185679557156	0.1783236579160303	-0.20383633310405827	
NP_005424.1	-11.763794137369713	-1.3329294490465649	-3.8737377165447695	2.8828728309249123	1.8637693972789102	1.0393150709032055	1.566517185302416	-2.0087791781818414	4.084257450940887	-1.049057965950258	
NP_006365.2	-18.69655662725385	2.109475638471716	-3.53275439618501	-1.545762897868402	-3.3900749232011407	-0.3007283136930305	-1.657651172867119	-2.026610660983765	1.5092690878443507	-0.3721060179418812	
NP_079328.3	32.65477296510553	3.0588515061061887	2.0800898238261603	-2.8863406219405965	3.2323918424683207	4.188450174211405	-3.311850001053098	-6.447584008366587	13.131006979479446	-1.4843609494577807	
NP_598407.1	-15.818905702264459	3.921624368253904	-2.6119395229617903	2.4104889345398295	-0.7432352714429296	-2.2664001167851313	2.9190260794635736	-2.1933988873511097	2.0325721716503904	-0.4270859302029354	
NP_997402.1	-24.572288972810057	-0.7928816937871827	-3.5623296547769794	-3.525836810170397	-3.0406771026230204	-0.06172883564369909	-2.842439908358358	-2.217661831603697	-2.9710350569860933	0.35967156664204775	
